0	0	false
0	1	false
0	2	false
0	3	true
0	4	true
0	5	true
0	6	false
0	7	false
0	8	true
0	9	false
0	10	false
0	11	true
0	12	false
0	13	false
0	14	true
0	15	false
0	16	true
0	17	true
0	18	true
0	19	false
0	20	false
0	21	false
0	22	true
0	23	true
0	24	true
0	25	false
0	26	false
0	27	false
0	28	true
0	29	true
0	30	false
0	31	false
0	32	true
0	33	false
0	34	false
0	35	false
0	36	true
0	37	false
0	38	true
0	39	true
0	40	true
0	41	false
0	42	false
0	43	true
0	44	true
0	45	false
0	46	false
0	47	false
0	48	true
0	49	false
0	50	false
0	51	true
0	52	true
0	53	false
0	54	true
0	55	false
0	56	true
0	57	true
0	58	true
0	59	false
0	60	false
0	61	false
0	62	false
0	63	false
0	64	true
0	65	true
0	66	true
0	67	true
0	68	true
0	69	false
0	70	false
0	71	true
0	72	false
0	73	false
0	74	false
0	75	false
0	76	false
0	77	false
0	78	true
0	79	false
0	80	true
0	81	true
0	82	true
0	83	false
0	84	true
0	85	true
0	86	true
0	87	true
0	88	false
0	89	true
0	90	false
0	91	false
0	92	true
0	93	true
0	94	false
0	95	false
0	96	false
0	97	true
0	98	false
0	99	false
0	100	true
0	101	true
0	102	false
0	103	false
0	104	true
0	105	false
0	106	true
0	107	false
0	108	true
0	109	false
0	110	false
0	111	false
0	112	true
0	113	false
0	114	true
0	115	false
0	116	false
0	117	false
0	118	false
0	119	false
0	120	false
0	121	true
0	122	false
0	123	true
0	124	false
0	125	false
0	126	false
0	127	false
0	128	false
0	129	false
0	130	false
0	131	false
0	132	false
0	133	false
0	134	true
0	135	true
0	136	true
0	137	true
0	138	false
0	139	false
0	140	false
0	141	false
0	142	true
0	143	true
0	144	true
0	145	false
0	146	false
0	147	false
0	148	true
0	149	true
0	150	true
0	151	true
0	152	true
0	153	false
0	154	false
0	155	false
0	156	true
0	157	false
0	158	true
0	159	true
0	160	true
0	161	true
0	162	false
0	163	false
0	164	false
0	165	true
0	166	true
0	167	false
0	168	true
0	169	true
0	170	true
0	171	false
0	172	true
0	173	true
0	174	true
0	175	false
0	176	false
0	177	true
0	178	true
0	179	false
0	180	false
0	181	true
0	182	false
0	183	true
0	184	true
0	185	false
0	186	false
0	187	false
0	188	false
0	189	false
0	190	true
0	191	true
0	192	true
0	193	true
0	194	false
0	195	false
0	196	false
0	197	false
0	198	false
0	199	true
0	200	false
0	201	false
0	202	true
0	203	true
0	204	false
0	205	false
0	206	true
0	207	false
0	208	true
0	209	false
0	210	true
0	211	true
0	212	false
0	213	false
0	214	true
0	215	false
0	216	true
0	217	false
0	218	true
0	219	true
0	220	false
0	221	true
0	222	false
0	223	true
0	224	false
0	225	false
0	226	true
0	227	false
0	228	false
0	229	false
0	230	true
0	231	true
0	232	true
0	233	true
0	234	true
0	235	true
0	236	false
0	237	false
0	238	true
0	239	true
0	240	false
0	241	true
0	242	false
0	243	false
0	244	false
0	245	true
0	246	false
0	247	false
0	248	true
0	249	true
0	250	true
0	251	true
0	252	true
0	253	false
0	254	false
0	255	false
0	256	false
0	257	false
0	258	false
0	259	false
0	260	false
0	261	true
0	262	false
0	263	true
0	264	false
0	265	false
0	266	false
0	267	false
0	268	false
0	269	false
0	270	false
0	271	true
0	272	false
0	273	true
0	274	true
0	275	true
0	276	true
0	277	true
0	278	false
0	279	true
0	280	true
0	281	true
0	282	true
0	283	false
0	284	true
0	285	false
0	286	false
0	287	false
0	288	true
0	289	false
0	290	false
0	291	true
0	292	true
0	293	true
0	294	true
0	295	true
0	296	true
0	297	false
0	298	true
0	299	false
0	300	true
0	301	false
0	302	true
0	303	true
0	304	true
0	305	false
0	306	true
0	307	false
0	308	true
0	309	true
0	310	false
0	311	false
0	312	false
0	313	true
0	314	true
0	315	false
0	316	true
0	317	true
0	318	true
0	319	true
0	320	false
0	321	true
0	322	false
0	323	true
0	324	true
0	325	true
0	326	true
0	327	true
0	328	true
0	329	true
0	330	true
0	331	false
0	332	false
0	333	true
0	334	true
0	335	false
0	336	false
0	337	true
0	338	false
0	339	false
0	340	false
0	341	false
0	342	true
0	343	true
0	344	true
0	345	false
0	346	false
0	347	true
0	348	false
0	349	false
0	350	true
0	351	true
0	352	true
0	353	true
0	354	true
0	355	false
0	356	true
0	357	false
0	358	false
0	359	false
0	360	false
0	361	false
0	362	false
0	363	false
0	364	false
0	365	true
0	366	false
0	367	false
0	368	true
0	369	true
0	370	true
0	371	false
0	372	true
0	373	false
0	374	false
0	375	true
0	376	true
0	377	false
0	378	false
0	379	true
0	380	true
0	381	true
0	382	false
0	383	true
0	384	true
0	385	false
0	386	false
0	387	true
0	388	true
0	389	false
0	390	true
0	391	false
0	392	true
0	393	false
0	394	false
0	395	false
0	396	true
0	397	true
0	398	true
0	399	true
0	400	false
0	401	true
0	402	false
0	403	true
0	404	false
0	405	false
0	406	false
0	407	true
0	408	true
0	409	false
0	410	true
0	411	false
0	412	false
0	413	false
0	414	true
0	415	false
0	416	true
0	417	true
0	418	true
0	419	true
0	420	false
0	421	true
0	422	true
0	423	false
0	424	false
0	425	true
0	426	true
0	427	true
0	428	true
0	429	true
0	430	false
0	431	false
0	432	false
0	433	false
0	434	false
0	435	true
0	436	false
0	437	false
0	438	true
0	439	true
0	440	false
0	441	true
0	442	true
0	443	false
0	444	true
0	445	false
0	446	true
0	447	true
0	448	false
0	449	false
0	450	false
0	451	true
0	452	false
0	453	true
0	454	false
0	455	true
0	456	false
0	457	true
0	458	false
0	459	false
0	460	false
0	461	true
0	462	true
0	463	true
0	464	false
0	465	false
0	466	true
0	467	false
0	468	false
0	469	true
0	470	true
0	471	true
0	472	true
0	473	false
0	474	false
0	475	false
0	476	false
0	477	false
0	478	true
0	479	false
0	480	true
0	481	true
0	482	false
0	483	true
0	484	true
0	485	true
0	486	false
0	487	true
0	488	false
0	489	false
0	490	true
0	491	false
0	492	false
0	493	true
0	494	true
0	495	false
0	496	false
0	497	true
0	498	false
0	499	true
0	500	false
0	501	true
0	502	false
0	503	true
0	504	false
0	505	false
0	506	true
0	507	false
0	508	false
0	509	false
0	510	false
0	511	true
0	512	false
0	513	false
0	514	true
0	515	true
0	516	false
0	517	false
0	518	false
0	519	false
0	520	false
0	521	false
0	522	false
0	523	true
0	524	true
0	525	true
0	526	false
0	527	true
0	528	true
0	529	true
0	530	true
0	531	true
0	532	false
0	533	false
0	534	true
0	535	true
0	536	true
0	537	true
0	538	true
0	539	false
0	540	false
0	541	true
0	542	true
0	543	true
0	544	true
0	545	true
0	546	true
0	547	true
0	548	true
0	549	true
0	550	true
0	551	true
0	552	false
0	553	false
0	554	true
0	555	false
0	556	true
0	557	true
0	558	false
0	559	true
0	560	true
0	561	true
0	562	true
0	563	false
0	564	false
0	565	true
0	566	true
0	567	false
0	568	true
0	569	false
0	570	true
0	571	false
0	572	true
0	573	false
0	574	false
0	575	true
0	576	false
0	577	false
0	578	false
0	579	true
0	580	false
0	581	true
0	582	false
0	583	true
0	584	true
0	585	false
0	586	true
0	587	false
0	588	true
0	589	true
0	590	false
0	591	true
0	592	false
0	593	true
0	594	false
0	595	true
0	596	false
0	597	false
0	598	true
0	599	false
0	600	true
0	601	false
0	602	false
0	603	true
0	604	false
0	605	true
0	606	true
0	607	true
0	608	false
0	609	false
0	610	false
0	611	true
0	612	false
0	613	false
0	614	false
0	615	true
0	616	true
0	617	false
0	618	false
0	619	false
0	620	true
0	621	true
0	622	false
0	623	false
0	624	false
0	625	true
0	626	false
0	627	true
0	628	false
0	629	false
0	630	false
0	631	true
0	632	false
0	633	false
0	634	false
0	635	true
0	636	false
0	637	false
0	638	true
0	639	false
0	640	true
0	641	false
0	642	false
0	643	true
0	644	true
0	645	true
0	646	true
0	647	true
0	648	false
0	649	false
0	650	false
0	651	false
0	652	true
0	653	false
0	654	false
0	655	true
0	656	true
0	657	false
0	658	true
0	659	false
0	660	false
0	661	true
0	662	true
0	663	false
0	664	false
0	665	true
0	666	false
0	667	true
0	668	true
0	669	true
0	670	true
0	671	false
0	672	false
0	673	true
0	674	true
0	675	false
0	676	false
0	677	false
0	678	true
0	679	true
0	680	false
0	681	true
0	682	false
0	683	true
0	684	false
0	685	true
0	686	false
0	687	false
0	688	false
0	689	false
0	690	false
0	691	false
0	692	false
0	693	true
0	694	false
0	695	false
0	696	true
0	697	true
0	698	true
0	699	true
0	700	false
0	701	true
0	702	false
0	703	true
0	704	true
0	705	true
0	706	false
0	707	false
0	708	true
0	709	true
0	710	true
0	711	true
0	712	false
0	713	true
0	714	false
0	715	false
0	716	false
0	717	true
0	718	true
0	719	false
0	720	false
0	721	true
0	722	false
0	723	true
0	724	true
0	725	false
0	726	false
0	727	true
0	728	true
0	729	false
0	730	false
0	731	false
0	732	true
0	733	false
0	734	false
0	735	true
0	736	true
0	737	false
0	738	false
0	739	true
0	740	false
0	741	false
0	742	false
0	743	false
0	744	false
0	745	true
0	746	true
0	747	false
0	748	false
0	749	false
0	750	true
0	751	true
0	752	true
0	753	true
0	754	true
0	755	true
0	756	false
0	757	true
0	758	true
0	759	false
0	760	true
0	761	true
0	762	true
0	763	false
0	764	true
0	765	true
0	766	true
0	767	false
0	768	false
0	769	false
0	770	false
0	771	true
0	772	false
0	773	false
0	774	false
0	775	true
0	776	false
0	777	false
0	778	false
0	779	true
0	780	false
0	781	false
0	782	false
0	783	false
0	784	true
0	785	false
0	786	true
0	787	false
0	788	false
0	789	true
0	790	true
0	791	true
0	792	true
0	793	false
0	794	false
0	795	true
0	796	false
0	797	true
0	798	true
0	799	false
0	800	true
0	801	true
0	802	false
0	803	false
0	804	false
0	805	false
0	806	false
0	807	true
0	808	true
0	809	true
0	810	true
0	811	false
0	812	false
0	813	true
0	814	false
0	815	true
0	816	true
0	817	true
0	818	true
0	819	false
0	820	true
0	821	true
0	822	true
0	823	true
0	824	false
0	825	false
0	826	false
0	827	false
0	828	true
0	829	false
0	830	false
0	831	false
0	832	true
0	833	true
0	834	false
0	835	true
0	836	false
0	837	false
0	838	true
0	839	true
0	840	true
0	841	false
0	842	false
0	843	true
0	844	true
0	845	true
0	846	false
0	847	true
0	848	false
0	849	true
0	850	false
0	851	true
0	852	true
0	853	false
0	854	false
0	855	true
0	856	false
0	857	false
0	858	true
0	859	false
0	860	true
0	861	true
0	862	true
0	863	true
0	864	false
0	865	false
0	866	true
0	867	true
0	868	false
0	869	false
0	870	true
0	871	false
0	872	false
0	873	true
0	874	false
0	875	true
0	876	true
0	877	true
0	878	false
0	879	false
0	880	true
0	881	false
0	882	false
0	883	false
0	884	false
0	885	false
0	886	true
0	887	false
0	888	false
0	889	false
0	890	false
0	891	true
0	892	true
0	893	false
0	894	true
0	895	true
0	896	false
0	897	false
0	898	true
0	899	false
0	900	false
0	901	true
0	902	true
0	903	false
0	904	true
0	905	false
0	906	false
0	907	false
0	908	false
0	909	false
0	910	false
0	911	false
0	912	false
0	913	true
0	914	false
0	915	true
0	916	false
0	917	true
0	918	true
0	919	false
0	920	true
0	921	true
0	922	false
0	923	false
0	924	false
0	925	true
0	926	true
0	927	false
0	928	false
0	929	false
0	930	true
0	931	true
0	932	true
0	933	true
0	934	true
0	935	false
0	936	true
0	937	true
0	938	false
0	939	true
0	940	false
0	941	true
0	942	true
0	943	false
0	944	false
0	945	false
0	946	false
0	947	false
0	948	false
0	949	true
0	950	true
0	951	false
0	952	false
0	953	true
0	954	false
0	955	true
0	956	true
0	957	false
0	958	false
0	959	true
0	960	false
0	961	false
0	962	true
0	963	false
0	964	true
0	965	false
0	966	true
0	967	true
0	968	true
0	969	true
0	970	true
0	971	true
0	972	true
0	973	false
0	974	true
0	975	true
0	976	true
0	977	false
0	978	false
0	979	false
0	980	true
0	981	true
0	982	true
0	983	false
0	984	true
0	985	true
0	986	false
0	987	true
0	988	true
0	989	true
0	990	true
0	991	false
0	992	false
0	993	false
0	994	true
0	995	true
0	996	true
0	997	false
0	998	false
0	999	true
0	1000	true
0	1001	true
0	1002	true
0	1003	true
0	1004	true
0	1005	false
0	1006	true
0	1007	false
0	1008	false
0	1009	false
0	1010	false
0	1011	true
0	1012	false
0	1013	false
0	1014	false
0	1015	false
0	1016	false
0	1017	true
0	1018	false
0	1019	true
0	1020	true
0	1021	false
0	1022	false
0	1023	true
0	1024	true
0	1025	true
0	1026	true
0	1027	false
0	1028	false
0	1029	true
0	1030	false
0	1031	false
0	1032	true
0	1033	true
0	1034	false
0	1035	false
0	1036	false
0	1037	false
0	1038	true
0	1039	true
0	1040	false
0	1041	false
0	1042	true
0	1043	false
0	1044	false
0	1045	true
0	1046	true
0	1047	true
0	1048	false
0	1049	true
0	1050	false
0	1051	true
0	1052	true
0	1053	true
0	1054	false
0	1055	true
0	1056	true
0	1057	false
0	1058	true
0	1059	false
0	1060	false
0	1061	true
0	1062	false
0	1063	false
0	1064	false
0	1065	false
0	1066	true
0	1067	false
0	1068	false
0	1069	false
0	1070	true
0	1071	true
0	1072	false
0	1073	false
0	1074	false
0	1075	false
0	1076	true
0	1077	true
0	1078	false
0	1079	true
0	1080	false
0	1081	true
0	1082	true
0	1083	true
0	1084	false
0	1085	true
0	1086	true
0	1087	true
0	1088	false
0	1089	false
0	1090	true
0	1091	false
0	1092	false
0	1093	true
0	1094	true
0	1095	false
0	1096	false
0	1097	false
0	1098	false
0	1099	false
0	1100	true
0	1101	false
0	1102	false
0	1103	false
0	1104	true
0	1105	true
0	1106	false
0	1107	false
0	1108	false
0	1109	true
0	1110	true
0	1111	true
0	1112	true
0	1113	false
0	1114	false
0	1115	false
0	1116	false
0	1117	true
0	1118	true
0	1119	false
0	1120	true
0	1121	true
0	1122	true
0	1123	true
0	1124	false
0	1125	true
0	1126	true
0	1127	true
0	1128	true
0	1129	false
0	1130	true
0	1131	false
0	1132	false
0	1133	true
0	1134	true
0	1135	false
0	1136	false
0	1137	true
0	1138	true
0	1139	true
0	1140	false
0	1141	true
0	1142	true
0	1143	false
0	1144	false
0	1145	true
0	1146	true
0	1147	false
0	1148	true
0	1149	true
0	1150	true
0	1151	true
0	1152	false
0	1153	false
0	1154	false
0	1155	true
0	1156	true
0	1157	false
0	1158	true
0	1159	true
0	1160	true
0	1161	true
0	1162	false
0	1163	true
0	1164	true
0	1165	true
0	1166	true
0	1167	false
0	1168	false
0	1169	false
0	1170	false
0	1171	true
0	1172	false
0	1173	true
0	1174	false
0	1175	false
0	1176	false
0	1177	true
0	1178	false
0	1179	false
0	1180	false
0	1181	false
0	1182	true
0	1183	false
0	1184	false
0	1185	false
0	1186	true
0	1187	true
0	1188	true
0	1189	true
0	1190	true
0	1191	false
0	1192	true
0	1193	false
0	1194	true
0	1195	false
0	1196	true
0	1197	false
0	1198	true
0	1199	false
0	1200	false
0	1201	true
0	1202	false
0	1203	true
0	1204	false
0	1205	false
0	1206	true
0	1207	true
0	1208	true
0	1209	false
0	1210	false
0	1211	false
0	1212	true
0	1213	false
0	1214	true
0	1215	false
0	1216	true
0	1217	true
0	1218	true
0	1219	true
0	1220	true
0	1221	true
0	1222	true
0	1223	true
0	1224	true
0	1225	true
0	1226	false
0	1227	true
0	1228	true
0	1229	true
0	1230	true
0	1231	true
0	1232	false
0	1233	false
0	1234	true
0	1235	false
0	1236	false
0	1237	true
0	1238	false
0	1239	true
0	1240	true
0	1241	false
0	1242	false
0	1243	true
0	1244	true
0	1245	false
0	1246	true
0	1247	true
0	1248	false
0	1249	false
0	1250	false
0	1251	false
0	1252	false
0	1253	false
0	1254	true
0	1255	true
0	1256	false
0	1257	false
0	1258	false
0	1259	true
0	1260	false
0	1261	false
0	1262	false
0	1263	true
0	1264	true
0	1265	true
0	1266	false
0	1267	true
0	1268	false
0	1269	true
0	1270	false
0	1271	true
0	1272	false
0	1273	false
0	1274	false
0	1275	true
0	1276	false
0	1277	true
0	1278	true
0	1279	false
0	1280	true
0	1281	false
0	1282	false
0	1283	false
0	1284	true
0	1285	true
0	1286	true
0	1287	true
0	1288	true
0	1289	false
0	1290	true
0	1291	true
0	1292	false
0	1293	false
0	1294	true
0	1295	true
0	1296	true
0	1297	true
0	1298	false
0	1299	false
0	1300	true
0	1301	true
0	1302	true
0	1303	false
0	1304	true
0	1305	true
0	1306	false
0	1307	true
0	1308	false
0	1309	true
0	1310	false
0	1311	true
0	1312	false
0	1313	true
0	1314	false
0	1315	false
0	1316	true
0	1317	false
0	1318	true
0	1319	false
0	1320	true
0	1321	true
0	1322	true
0	1323	false
0	1324	true
0	1325	false
0	1326	true
0	1327	false
0	1328	true
0	1329	false
0	1330	false
0	1331	true
0	1332	false
0	1333	true
0	1334	true
0	1335	false
0	1336	false
0	1337	true
0	1338	true
0	1339	true
0	1340	false
0	1341	true
0	1342	true
0	1343	false
0	1344	true
0	1345	false
0	1346	true
0	1347	true
0	1348	false
0	1349	false
0	1350	false
0	1351	false
0	1352	true
0	1353	true
0	1354	true
0	1355	false
0	1356	false
0	1357	true
0	1358	true
0	1359	false
0	1360	true
0	1361	false
0	1362	true
0	1363	false
0	1364	false
0	1365	true
0	1366	false
0	1367	false
0	1368	true
0	1369	true
0	1370	false
0	1371	false
0	1372	false
0	1373	true
0	1374	true
0	1375	true
0	1376	false
0	1377	true
0	1378	true
0	1379	false
0	1380	true
0	1381	false
0	1382	true
0	1383	false
0	1384	true
0	1385	true
0	1386	false
0	1387	true
0	1388	true
0	1389	false
0	1390	false
0	1391	true
0	1392	true
0	1393	true
0	1394	true
0	1395	false
0	1396	true
0	1397	false
0	1398	true
0	1399	false
0	1400	false
0	1401	false
0	1402	true
0	1403	true
0	1404	true
0	1405	true
0	1406	false
0	1407	false
0	1408	true
0	1409	true
0	1410	false
0	1411	false
0	1412	true
0	1413	false
0	1414	true
0	1415	false
0	1416	true
0	1417	true
0	1418	true
0	1419	true
0	1420	true
0	1421	false
0	1422	true
0	1423	false
0	1424	false
0	1425	false
0	1426	true
0	1427	false
0	1428	true
0	1429	false
0	1430	false
0	1431	false
0	1432	true
0	1433	true
0	1434	false
0	1435	true
0	1436	true
0	1437	true
0	1438	false
0	1439	true
0	1440	true
0	1441	true
0	1442	false
0	1443	false
0	1444	true
0	1445	true
0	1446	true
0	1447	true
0	1448	false
0	1449	true
0	1450	false
0	1451	true
0	1452	false
0	1453	false
0	1454	true
0	1455	false
0	1456	true
0	1457	true
0	1458	false
0	1459	true
0	1460	true
0	1461	true
0	1462	true
0	1463	false
0	1464	true
0	1465	false
0	1466	false
0	1467	true
0	1468	true
0	1469	false
0	1470	false
0	1471	false
0	1472	true
0	1473	false
0	1474	true
0	1475	true
0	1476	false
0	1477	true
0	1478	false
0	1479	true
0	1480	true
0	1481	false
0	1482	false
0	1483	true
0	1484	false
0	1485	true
0	1486	false
0	1487	false
0	1488	true
0	1489	true
0	1490	true
0	1491	true
0	1492	true
0	1493	false
0	1494	true
0	1495	false
0	1496	false
0	1497	false
0	1498	true
0	1499	false
0	1500	false
0	1501	true
0	1502	false
0	1503	false
0	1504	true
0	1505	true
0	1506	false
0	1507	true
0	1508	false
0	1509	true
0	1510	true
0	1511	true
0	1512	false
0	1513	true
0	1514	false
0	1515	false
0	1516	true
0	1517	true
0	1518	false
0	1519	true
0	1520	false
0	1521	true
0	1522	true
0	1523	false
0	1524	true
0	1525	true
0	1526	false
0	1527	true
0	1528	true
0	1529	false
0	1530	false
0	1531	false
0	1532	true
0	1533	false
0	1534	false
0	1535	true
0	1536	false
0	1537	false
0	1538	false
0	1539	true
0	1540	false
0	1541	false
0	1542	true
0	1543	false
0	1544	false
0	1545	true
0	1546	true
0	1547	false
0	1548	false
0	1549	false
0	1550	true
0	1551	false
0	1552	true
0	1553	true
0	1554	false
0	1555	false
0	1556	false
0	1557	true
0	1558	true
0	1559	true
0	1560	false
0	1561	true
0	1562	false
0	1563	true
0	1564	false
0	1565	false
0	1566	true
0	1567	false
0	1568	true
0	1569	true
0	1570	false
0	1571	true
0	1572	false
0	1573	false
0	1574	false
0	1575	true
0	1576	false
0	1577	false
0	1578	true
0	1579	false
0	1580	true
0	1581	true
0	1582	false
0	1583	false
0	1584	false
0	1585	true
0	1586	false
0	1587	false
0	1588	false
0	1589	false
0	1590	true
0	1591	false
0	1592	true
0	1593	false
0	1594	false
0	1595	false
0	1596	true
0	1597	false
0	1598	true
0	1599	true
0	1600	true
0	1601	true
0	1602	true
0	1603	false
0	1604	true
0	1605	false
0	1606	false
0	1607	true
0	1608	true
0	1609	false
0	1610	true
0	1611	true
0	1612	false
0	1613	true
0	1614	true
0	1615	true
0	1616	false
0	1617	false
0	1618	true
0	1619	false
0	1620	false
0	1621	false
0	1622	true
0	1623	false
0	1624	true
0	1625	true
0	1626	true
0	1627	false
0	1628	true
0	1629	true
0	1630	false
0	1631	true
0	1632	true
0	1633	true
0	1634	false
0	1635	false
0	1636	false
0	1637	false
0	1638	false
0	1639	true
0	1640	true
0	1641	true
0	1642	true
0	1643	true
0	1644	false
0	1645	true
0	1646	false
0	1647	false
0	1648	false
0	1649	true
0	1650	false
0	1651	true
0	1652	true
0	1653	true
0	1654	false
0	1655	false
0	1656	true
0	1657	true
0	1658	false
0	1659	true
0	1660	false
0	1661	true
0	1662	true
0	1663	false
0	1664	true
0	1665	false
0	1666	true
0	1667	false
0	1668	true
0	1669	true
0	1670	false
0	1671	false
0	1672	false
0	1673	true
0	1674	false
0	1675	true
0	1676	false
0	1677	true
0	1678	true
0	1679	false
0	1680	false
0	1681	true
0	1682	true
0	1683	true
0	1684	false
0	1685	false
0	1686	false
0	1687	false
0	1688	false
0	1689	false
0	1690	false
0	1691	true
0	1692	true
0	1693	true
0	1694	false
0	1695	false
0	1696	true
0	1697	false
0	1698	false
0	1699	true
0	1700	false
0	1701	true
0	1702	true
0	1703	true
0	1704	false
0	1705	false
0	1706	false
0	1707	false
0	1708	true
0	1709	false
0	1710	false
0	1711	false
0	1712	false
0	1713	true
0	1714	false
0	1715	false
0	1716	false
0	1717	true
0	1718	false
0	1719	true
0	1720	true
0	1721	true
0	1722	true
0	1723	true
0	1724	true
0	1725	true
0	1726	false
0	1727	false
0	1728	true
0	1729	false
0	1730	false
0	1731	false
0	1732	true
0	1733	true
0	1734	false
0	1735	true
0	1736	true
0	1737	false
0	1738	true
0	1739	true
0	1740	false
0	1741	true
0	1742	false
0	1743	true
0	1744	false
0	1745	true
0	1746	false
0	1747	true
0	1748	true
0	1749	false
0	1750	true
0	1751	true
0	1752	false
0	1753	false
0	1754	false
0	1755	false
0	1756	false
0	1757	false
0	1758	true
0	1759	false
0	1760	true
0	1761	true
0	1762	false
0	1763	true
0	1764	true
0	1765	false
0	1766	true
0	1767	false
0	1768	true
0	1769	true
0	1770	true
0	1771	true
0	1772	false
0	1773	true
0	1774	true
0	1775	false
0	1776	true
0	1777	true
0	1778	false
0	1779	true
0	1780	true
0	1781	false
0	1782	false
0	1783	true
0	1784	false
0	1785	true
0	1786	true
0	1787	false
0	1788	true
0	1789	true
0	1790	true
0	1791	false
0	1792	false
0	1793	true
0	1794	false
0	1795	false
0	1796	true
0	1797	true
0	1798	false
0	1799	true
0	1800	true
0	1801	true
0	1802	true
0	1803	false
0	1804	true
0	1805	false
0	1806	false
0	1807	false
0	1808	true
0	1809	true
0	1810	false
0	1811	true
0	1812	false
0	1813	true
0	1814	false
0	1815	true
0	1816	true
0	1817	false
0	1818	true
0	1819	true
0	1820	true
0	1821	false
0	1822	true
0	1823	true
0	1824	false
0	1825	true
0	1826	true
0	1827	false
0	1828	true
0	1829	true
0	1830	false
0	1831	false
0	1832	true
0	1833	false
0	1834	true
0	1835	true
0	1836	true
0	1837	true
0	1838	false
0	1839	false
0	1840	true
0	1841	true
0	1842	false
0	1843	false
0	1844	false
0	1845	true
0	1846	true
0	1847	true
0	1848	false
0	1849	true
0	1850	false
0	1851	true
0	1852	false
0	1853	false
0	1854	true
0	1855	false
0	1856	true
0	1857	true
0	1858	false
0	1859	false
0	1860	true
0	1861	false
0	1862	true
0	1863	true
0	1864	true
0	1865	false
0	1866	true
0	1867	false
0	1868	false
0	1869	false
0	1870	false
0	1871	true
0	1872	false
0	1873	false
0	1874	true
0	1875	false
0	1876	true
0	1877	false
0	1878	true
0	1879	true
0	1880	false
0	1881	false
0	1882	false
0	1883	false
0	1884	false
0	1885	false
0	1886	false
0	1887	false
0	1888	false
0	1889	false
0	1890	true
0	1891	false
0	1892	false
0	1893	true
0	1894	false
0	1895	true
0	1896	false
0	1897	false
0	1898	false
0	1899	false
0	1900	false
0	1901	false
0	1902	true
0	1903	true
0	1904	true
0	1905	true
0	1906	false
0	1907	false
0	1908	true
0	1909	false
0	1910	true
0	1911	false
0	1912	true
0	1913	true
0	1914	false
0	1915	false
0	1916	false
0	1917	false
0	1918	true
0	1919	true
0	1920	true
0	1921	true
0	1922	true
0	1923	true
0	1924	false
0	1925	true
0	1926	true
0	1927	true
0	1928	true
0	1929	false
0	1930	true
0	1931	true
0	1932	true
0	1933	false
0	1934	false
0	1935	false
0	1936	true
0	1937	true
0	1938	true
0	1939	false
0	1940	false
0	1941	false
0	1942	false
0	1943	false
0	1944	false
0	1945	true
0	1946	true
0	1947	true
0	1948	true
0	1949	false
0	1950	false
0	1951	true
0	1952	false
0	1953	true
0	1954	true
0	1955	true
0	1956	false
0	1957	false
0	1958	true
0	1959	true
0	1960	true
0	1961	true
0	1962	false
0	1963	true
0	1964	false
0	1965	true
0	1966	true
0	1967	true
0	1968	false
0	1969	false
0	1970	true
0	1971	false
0	1972	true
0	1973	true
0	1974	true
0	1975	false
0	1976	true
0	1977	false
0	1978	false
0	1979	true
0	1980	false
0	1981	true
0	1982	true
0	1983	false
0	1984	false
0	1985	true
0	1986	false
0	1987	true
0	1988	false
0	1989	true
0	1990	true
0	1991	false
0	1992	false
0	1993	false
0	1994	false
0	1995	true
0	1996	true
0	1997	false
0	1998	true
0	1999	false
0	2000	true
0	2001	false
0	2002	true
0	2003	false
0	2004	false
0	2005	true
0	2006	true
0	2007	false
0	2008	true
0	2009	true
0	2010	true
0	2011	true
0	2012	false
0	2013	true
0	2014	false
0	2015	true
0	2016	false
0	2017	false
0	2018	true
0	2019	true
0	2020	false
0	2021	false
0	2022	false
0	2023	false
0	2024	false
0	2025	true
0	2026	true
0	2027	false
0	2028	true
0	2029	true
0	2030	false
0	2031	false
0	2032	true
0	2033	true
0	2034	true
0	2035	true
0	2036	true
0	2037	false
0	2038	true
0	2039	true
0	2040	true
0	2041	false
0	2042	false
0	2043	true
0	2044	false
0	2045	false
0	2046	false
0	2047	true
0	2048	false
0	2049	true
0	2050	false
0	2051	true
0	2052	true
0	2053	true
0	2054	false
0	2055	false
0	2056	false
0	2057	false
0	2058	true
0	2059	false
0	2060	true
0	2061	true
0	2062	true
0	2063	true
0	2064	false
0	2065	true
0	2066	false
0	2067	true
0	2068	true
0	2069	true
0	2070	false
0	2071	true
0	2072	true
0	2073	false
0	2074	false
0	2075	true
0	2076	true
0	2077	true
0	2078	true
0	2079	true
0	2080	true
0	2081	false
0	2082	false
0	2083	false
0	2084	false
0	2085	true
0	2086	false
0	2087	false
0	2088	false
0	2089	false
0	2090	false
0	2091	false
0	2092	false
0	2093	true
0	2094	false
0	2095	true
0	2096	false
0	2097	true
0	2098	true
0	2099	true
0	2100	true
0	2101	false
0	2102	false
0	2103	false
0	2104	true
0	2105	false
0	2106	false
0	2107	true
0	2108	false
0	2109	true
0	2110	false
0	2111	true
0	2112	false
0	2113	false
0	2114	true
0	2115	false
0	2116	true
0	2117	true
0	2118	false
0	2119	false
0	2120	false
0	2121	true
0	2122	false
0	2123	true
0	2124	true
0	2125	false
0	2126	true
0	2127	false
0	2128	true
0	2129	true
0	2130	false
0	2131	false
0	2132	true
0	2133	false
0	2134	false
0	2135	true
0	2136	true
0	2137	false
0	2138	true
0	2139	false
0	2140	false
0	2141	false
0	2142	false
0	2143	false
0	2144	true
0	2145	false
0	2146	false
0	2147	false
0	2148	false
0	2149	false
0	2150	true
0	2151	true
0	2152	true
0	2153	false
0	2154	true
0	2155	true
0	2156	true
0	2157	true
0	2158	true
0	2159	true
0	2160	true
0	2161	false
0	2162	true
0	2163	false
0	2164	true
0	2165	true
0	2166	true
0	2167	false
0	2168	false
0	2169	true
0	2170	true
0	2171	false
0	2172	true
0	2173	true
0	2174	false
0	2175	false
0	2176	false
0	2177	true
0	2178	false
0	2179	false
0	2180	false
0	2181	true
0	2182	true
0	2183	false
0	2184	true
0	2185	false
0	2186	true
0	2187	false
0	2188	true
0	2189	false
0	2190	true
0	2191	true
0	2192	true
0	2193	true
0	2194	false
0	2195	false
0	2196	false
0	2197	true
0	2198	true
0	2199	true
0	2200	false
0	2201	false
0	2202	true
0	2203	false
0	2204	true
0	2205	true
0	2206	true
0	2207	true
0	2208	false
0	2209	true
0	2210	true
0	2211	true
0	2212	false
0	2213	false
0	2214	false
0	2215	false
0	2216	true
0	2217	false
0	2218	false
0	2219	true
0	2220	false
0	2221	true
0	2222	true
0	2223	false
0	2224	false
0	2225	false
0	2226	false
0	2227	true
0	2228	false
0	2229	false
0	2230	true
0	2231	true
0	2232	true
0	2233	true
0	2234	false
0	2235	true
0	2236	false
0	2237	true
0	2238	false
0	2239	true
0	2240	false
0	2241	false
0	2242	false
0	2243	false
0	2244	true
0	2245	false
0	2246	false
0	2247	true
0	2248	true
0	2249	false
0	2250	false
0	2251	false
0	2252	true
0	2253	false
0	2254	true
0	2255	false
0	2256	false
0	2257	false
0	2258	false
0	2259	false
0	2260	false
0	2261	false
0	2262	true
0	2263	false
0	2264	false
0	2265	false
0	2266	false
0	2267	true
0	2268	true
0	2269	false
0	2270	true
0	2271	true
0	2272	true
0	2273	false
0	2274	false
0	2275	true
0	2276	true
0	2277	false
0	2278	false
0	2279	true
0	2280	false
0	2281	false
0	2282	true
0	2283	true
0	2284	false
0	2285	true
0	2286	false
0	2287	true
0	2288	false
0	2289	false
0	2290	false
0	2291	false
0	2292	false
0	2293	true
0	2294	false
0	2295	false
0	2296	true
0	2297	false
0	2298	false
0	2299	true
0	2300	true
0	2301	false
0	2302	false
0	2303	false
0	2304	true
0	2305	false
0	2306	true
0	2307	false
0	2308	true
0	2309	true
0	2310	false
0	2311	false
0	2312	true
0	2313	false
0	2314	false
0	2315	true
0	2316	false
0	2317	false
0	2318	false
0	2319	true
0	2320	true
0	2321	true
0	2322	true
0	2323	true
0	2324	true
0	2325	false
0	2326	true
0	2327	false
0	2328	false
0	2329	true
0	2330	false
0	2331	true
0	2332	false
0	2333	false
0	2334	false
0	2335	false
0	2336	false
0	2337	false
0	2338	true
0	2339	false
0	2340	true
0	2341	false
0	2342	false
0	2343	true
0	2344	false
0	2345	true
0	2346	true
0	2347	true
0	2348	true
0	2349	true
0	2350	false
0	2351	false
0	2352	true
0	2353	true
0	2354	true
0	2355	false
0	2356	false
0	2357	false
0	2358	true
0	2359	false
0	2360	false
0	2361	true
0	2362	false
0	2363	false
0	2364	true
0	2365	true
0	2366	false
0	2367	true
0	2368	false
0	2369	true
0	2370	true
0	2371	false
0	2372	false
0	2373	true
0	2374	true
0	2375	true
0	2376	true
0	2377	false
0	2378	true
0	2379	true
0	2380	false
0	2381	false
0	2382	true
0	2383	true
0	2384	false
0	2385	true
0	2386	false
0	2387	false
0	2388	false
0	2389	true
0	2390	false
0	2391	true
0	2392	false
0	2393	true
0	2394	true
0	2395	false
0	2396	false
0	2397	true
0	2398	true
0	2399	true
0	2400	false
0	2401	true
0	2402	true
0	2403	false
0	2404	false
0	2405	false
0	2406	false
0	2407	true
0	2408	false
0	2409	true
0	2410	false
0	2411	false
0	2412	true
0	2413	true
0	2414	false
0	2415	true
0	2416	true
0	2417	true
0	2418	true
0	2419	true
0	2420	true
0	2421	true
0	2422	false
0	2423	false
0	2424	false
0	2425	false
0	2426	false
0	2427	true
0	2428	true
0	2429	false
0	2430	true
0	2431	true
0	2432	false
0	2433	false
0	2434	false
0	2435	true
0	2436	true
0	2437	true
0	2438	false
0	2439	false
0	2440	true
0	2441	false
0	2442	true
0	2443	false
0	2444	true
0	2445	true
0	2446	false
0	2447	true
0	2448	false
0	2449	true
0	2450	true
0	2451	false
0	2452	false
0	2453	false
0	2454	true
0	2455	true
0	2456	false
0	2457	true
0	2458	true
0	2459	false
0	2460	true
0	2461	false
0	2462	true
0	2463	false
0	2464	true
0	2465	false
0	2466	false
0	2467	false
0	2468	true
0	2469	true
0	2470	true
0	2471	false
0	2472	true
0	2473	true
0	2474	true
0	2475	true
0	2476	false
0	2477	false
0	2478	true
0	2479	true
0	2480	true
0	2481	false
0	2482	true
0	2483	false
0	2484	false
0	2485	false
0	2486	false
0	2487	false
0	2488	true
0	2489	true
0	2490	false
0	2491	true
0	2492	false
0	2493	false
0	2494	false
0	2495	true
0	2496	true
0	2497	true
0	2498	true
0	2499	false
0	2500	true
0	2501	false
0	2502	false
0	2503	true
0	2504	true
0	2505	true
0	2506	false
0	2507	false
0	2508	false
0	2509	false
0	2510	false
0	2511	true
0	2512	true
0	2513	true
0	2514	false
0	2515	false
0	2516	true
0	2517	false
0	2518	false
0	2519	true
0	2520	true
0	2521	false
0	2522	true
0	2523	true
0	2524	false
0	2525	true
0	2526	false
0	2527	true
0	2528	true
0	2529	false
0	2530	true
0	2531	false
0	2532	true
0	2533	true
0	2534	true
0	2535	true
0	2536	false
0	2537	true
0	2538	true
0	2539	false
0	2540	true
0	2541	false
0	2542	true
0	2543	true
0	2544	true
0	2545	false
0	2546	true
0	2547	false
0	2548	true
0	2549	true
0	2550	false
0	2551	false
0	2552	true
0	2553	true
0	2554	false
0	2555	true
0	2556	true
0	2557	false
0	2558	true
0	2559	false
0	2560	false
0	2561	false
0	2562	false
0	2563	false
0	2564	true
0	2565	true
0	2566	false
0	2567	false
0	2568	true
0	2569	true
0	2570	false
0	2571	true
0	2572	true
0	2573	true
0	2574	false
0	2575	false
0	2576	false
0	2577	true
0	2578	false
0	2579	false
0	2580	true
0	2581	true
0	2582	false
0	2583	false
0	2584	false
0	2585	true
0	2586	false
0	2587	false
0	2588	false
0	2589	false
0	2590	false
0	2591	false
0	2592	true
0	2593	true
0	2594	false
0	2595	true
0	2596	false
0	2597	false
0	2598	true
0	2599	true
0	2600	false
0	2601	true
0	2602	true
0	2603	false
0	2604	true
0	2605	false
0	2606	false
0	2607	true
0	2608	true
0	2609	true
0	2610	false
0	2611	false
0	2612	false
0	2613	false
0	2614	false
0	2615	true
0	2616	false
0	2617	false
0	2618	false
0	2619	false
0	2620	false
0	2621	true
0	2622	false
0	2623	true
0	2624	true
0	2625	true
0	2626	true
0	2627	true
0	2628	true
0	2629	true
0	2630	false
0	2631	false
0	2632	true
0	2633	true
0	2634	true
0	2635	false
0	2636	true
0	2637	true
0	2638	true
0	2639	true
0	2640	false
0	2641	false
0	2642	true
0	2643	false
0	2644	true
0	2645	false
0	2646	false
0	2647	true
0	2648	true
0	2649	true
0	2650	true
0	2651	false
0	2652	false
0	2653	true
0	2654	false
0	2655	true
0	2656	false
0	2657	false
0	2658	false
0	2659	false
0	2660	false
0	2661	true
0	2662	true
0	2663	true
0	2664	false
0	2665	false
0	2666	false
0	2667	true
0	2668	true
0	2669	false
0	2670	false
0	2671	false
0	2672	true
0	2673	false
0	2674	true
0	2675	true
0	2676	true
0	2677	true
0	2678	true
0	2679	true
0	2680	true
0	2681	false
0	2682	true
0	2683	false
0	2684	false
0	2685	false
0	2686	true
0	2687	false
0	2688	false
0	2689	true
0	2690	true
0	2691	false
0	2692	false
0	2693	true
0	2694	false
0	2695	true
0	2696	false
0	2697	true
0	2698	true
0	2699	false
0	2700	false
0	2701	true
0	2702	true
0	2703	false
0	2704	false
0	2705	true
0	2706	true
0	2707	true
0	2708	false
0	2709	false
0	2710	true
0	2711	false
0	2712	true
0	2713	false
0	2714	true
0	2715	true
0	2716	false
0	2717	true
0	2718	true
0	2719	true
0	2720	false
0	2721	true
0	2722	true
0	2723	false
0	2724	true
0	2725	false
0	2726	true
0	2727	true
0	2728	false
0	2729	true
0	2730	false
0	2731	true
0	2732	true
0	2733	true
0	2734	false
0	2735	true
0	2736	false
0	2737	true
0	2738	false
0	2739	true
0	2740	true
0	2741	true
0	2742	true
0	2743	false
0	2744	true
0	2745	false
0	2746	true
0	2747	true
0	2748	true
0	2749	true
0	2750	true
0	2751	true
0	2752	true
0	2753	true
0	2754	true
0	2755	false
0	2756	true
0	2757	false
0	2758	false
0	2759	false
0	2760	true
0	2761	false
0	2762	false
0	2763	true
0	2764	false
0	2765	false
0	2766	false
0	2767	false
0	2768	true
0	2769	false
0	2770	false
0	2771	false
0	2772	false
0	2773	false
0	2774	true
0	2775	false
0	2776	false
0	2777	false
0	2778	true
0	2779	false
0	2780	true
0	2781	false
0	2782	false
0	2783	false
0	2784	false
0	2785	true
0	2786	true
0	2787	true
0	2788	true
0	2789	true
0	2790	false
0	2791	false
0	2792	false
0	2793	false
0	2794	false
0	2795	false
0	2796	false
0	2797	true
0	2798	true
0	2799	true
0	2800	false
0	2801	true
0	2802	false
0	2803	true
0	2804	false
0	2805	true
0	2806	true
0	2807	true
0	2808	true
0	2809	true
0	2810	false
0	2811	true
0	2812	true
0	2813	true
0	2814	true
0	2815	false
0	2816	false
0	2817	true
0	2818	true
0	2819	true
0	2820	true
0	2821	true
0	2822	true
0	2823	true
0	2824	false
0	2825	true
0	2826	false
0	2827	false
0	2828	true
0	2829	false
0	2830	true
0	2831	false
0	2832	false
0	2833	true
0	2834	false
0	2835	true
0	2836	true
0	2837	false
0	2838	true
0	2839	false
0	2840	true
0	2841	true
0	2842	false
0	2843	true
0	2844	true
0	2845	false
0	2846	true
0	2847	true
0	2848	false
0	2849	false
0	2850	false
0	2851	false
0	2852	false
0	2853	true
0	2854	true
0	2855	false
0	2856	false
0	2857	false
0	2858	true
0	2859	true
0	2860	true
0	2861	false
0	2862	false
0	2863	true
0	2864	true
0	2865	false
0	2866	true
0	2867	false
0	2868	false
0	2869	true
0	2870	false
0	2871	true
0	2872	true
0	2873	false
0	2874	true
0	2875	true
0	2876	true
0	2877	true
0	2878	false
0	2879	false
0	2880	false
0	2881	false
0	2882	true
0	2883	false
0	2884	true
0	2885	false
0	2886	false
0	2887	false
0	2888	true
0	2889	false
0	2890	true
0	2891	false
0	2892	true
0	2893	false
0	2894	true
0	2895	true
0	2896	false
0	2897	true
0	2898	false
0	2899	false
0	2900	true
0	2901	false
0	2902	true
0	2903	true
0	2904	false
0	2905	false
0	2906	true
0	2907	true
0	2908	true
0	2909	false
0	2910	true
0	2911	true
0	2912	false
0	2913	true
0	2914	false
0	2915	true
0	2916	true
0	2917	false
0	2918	false
0	2919	true
0	2920	true
0	2921	true
0	2922	true
0	2923	true
0	2924	false
0	2925	false
0	2926	false
0	2927	true
0	2928	true
0	2929	false
0	2930	true
0	2931	false
0	2932	false
0	2933	false
0	2934	false
0	2935	true
0	2936	true
0	2937	true
0	2938	false
0	2939	false
0	2940	false
0	2941	true
0	2942	false
0	2943	true
0	2944	false
0	2945	true
0	2946	false
0	2947	false
0	2948	false
0	2949	false
0	2950	true
0	2951	true
0	2952	false
0	2953	false
0	2954	false
0	2955	true
0	2956	false
0	2957	false
0	2958	false
0	2959	false
0	2960	false
0	2961	true
0	2962	true
0	2963	true
0	2964	true
0	2965	true
0	2966	false
0	2967	true
0	2968	false
0	2969	true
0	2970	true
0	2971	true
0	2972	true
0	2973	true
0	2974	false
0	2975	true
0	2976	true
0	2977	false
0	2978	true
0	2979	false
0	2980	false
0	2981	true
0	2982	false
0	2983	false
0	2984	true
0	2985	false
0	2986	false
0	2987	true
0	2988	true
0	2989	true
0	2990	true
0	2991	false
0	2992	true
0	2993	true
0	2994	false
0	2995	false
0	2996	true
0	2997	false
0	2998	false
0	2999	true
0	3000	false
0	3001	false
0	3002	false
0	3003	false
0	3004	true
0	3005	false
0	3006	false
0	3007	true
0	3008	false
0	3009	true
0	3010	false
0	3011	false
0	3012	true
0	3013	true
0	3014	false
0	3015	true
0	3016	true
0	3017	false
0	3018	false
0	3019	true
0	3020	true
0	3021	true
0	3022	true
0	3023	true
0	3024	false
0	3025	true
0	3026	true
0	3027	true
0	3028	false
0	3029	false
0	3030	false
0	3031	false
0	3032	false
0	3033	true
0	3034	false
0	3035	false
0	3036	true
0	3037	true
0	3038	false
0	3039	false
0	3040	true
0	3041	false
0	3042	true
0	3043	false
0	3044	false
0	3045	false
0	3046	true
0	3047	false
0	3048	false
0	3049	false
0	3050	false
0	3051	false
0	3052	false
0	3053	true
0	3054	false
0	3055	true
0	3056	false
0	3057	true
0	3058	false
0	3059	false
0	3060	false
0	3061	true
0	3062	true
0	3063	false
0	3064	true
0	3065	true
0	3066	false
0	3067	true
0	3068	true
0	3069	false
0	3070	true
0	3071	false
0	3072	true
0	3073	false
0	3074	true
0	3075	true
0	3076	true
0	3077	true
0	3078	false
0	3079	false
0	3080	true
0	3081	true
0	3082	true
0	3083	false
0	3084	true
0	3085	false
0	3086	false
0	3087	false
0	3088	true
0	3089	true
0	3090	true
0	3091	false
0	3092	false
0	3093	false
0	3094	false
0	3095	true
0	3096	false
0	3097	true
0	3098	true
0	3099	true
0	3100	false
0	3101	false
0	3102	false
0	3103	false
0	3104	true
0	3105	true
0	3106	true
0	3107	false
0	3108	true
0	3109	true
0	3110	true
0	3111	false
0	3112	true
0	3113	false
0	3114	true
0	3115	true
0	3116	true
0	3117	false
0	3118	true
0	3119	true
0	3120	true
0	3121	false
0	3122	false
0	3123	true
0	3124	true
0	3125	false
0	3126	true
0	3127	false
0	3128	false
0	3129	true
0	3130	true
0	3131	true
0	3132	true
0	3133	true
0	3134	false
0	3135	false
0	3136	true
0	3137	true
0	3138	true
0	3139	false
0	3140	true
0	3141	false
0	3142	true
0	3143	true
0	3144	false
0	3145	true
0	3146	false
0	3147	true
0	3148	false
0	3149	false
0	3150	false
0	3151	false
0	3152	true
0	3153	true
0	3154	false
0	3155	true
0	3156	true
0	3157	true
0	3158	true
0	3159	true
0	3160	false
0	3161	true
0	3162	true
0	3163	true
0	3164	true
0	3165	true
0	3166	true
0	3167	false
0	3168	false
0	3169	true
0	3170	false
0	3171	false
0	3172	false
0	3173	false
0	3174	true
0	3175	false
0	3176	false
0	3177	false
0	3178	true
0	3179	true
0	3180	true
0	3181	false
0	3182	true
0	3183	false
0	3184	false
0	3185	true
0	3186	false
0	3187	true
0	3188	false
0	3189	false
0	3190	false
0	3191	true
0	3192	true
0	3193	true
0	3194	true
0	3195	true
0	3196	false
0	3197	false
0	3198	false
0	3199	false
0	3200	true
0	3201	true
0	3202	false
0	3203	false
0	3204	false
0	3205	false
0	3206	true
0	3207	false
0	3208	false
0	3209	true
0	3210	false
0	3211	false
0	3212	false
0	3213	true
0	3214	false
0	3215	false
0	3216	true
0	3217	true
0	3218	false
0	3219	true
0	3220	false
0	3221	false
0	3222	true
0	3223	false
0	3224	true
0	3225	true
0	3226	false
0	3227	false
0	3228	true
0	3229	true
0	3230	true
0	3231	false
0	3232	true
0	3233	false
0	3234	false
0	3235	false
0	3236	true
0	3237	false
0	3238	true
0	3239	true
0	3240	true
0	3241	true
0	3242	false
0	3243	false
0	3244	true
0	3245	true
0	3246	true
0	3247	true
0	3248	false
0	3249	true
0	3250	true
0	3251	false
0	3252	true
0	3253	true
0	3254	true
0	3255	true
0	3256	true
0	3257	true
0	3258	true
0	3259	false
0	3260	false
0	3261	false
0	3262	false
0	3263	false
0	3264	false
0	3265	true
0	3266	true
0	3267	true
0	3268	true
0	3269	false
0	3270	false
0	3271	true
0	3272	true
0	3273	true
0	3274	true
0	3275	true
0	3276	false
0	3277	false
0	3278	false
0	3279	false
0	3280	true
0	3281	false
0	3282	true
0	3283	false
0	3284	true
0	3285	false
0	3286	false
0	3287	false
0	3288	false
0	3289	true
0	3290	true
0	3291	true
0	3292	true
0	3293	false
0	3294	true
0	3295	false
0	3296	true
0	3297	true
0	3298	true
0	3299	false
0	3300	false
0	3301	true
0	3302	false
0	3303	true
0	3304	true
0	3305	false
0	3306	true
0	3307	true
0	3308	false
0	3309	true
0	3310	false
0	3311	false
0	3312	true
0	3313	false
0	3314	false
0	3315	true
0	3316	true
0	3317	false
0	3318	true
0	3319	true
0	3320	true
0	3321	false
0	3322	false
0	3323	false
0	3324	false
0	3325	false
0	3326	true
0	3327	false
0	3328	false
0	3329	true
0	3330	true
0	3331	false
0	3332	true
0	3333	true
0	3334	false
0	3335	false
0	3336	false
0	3337	false
0	3338	true
0	3339	false
0	3340	false
0	3341	false
0	3342	true
0	3343	true
0	3344	false
0	3345	true
0	3346	true
0	3347	true
0	3348	true
0	3349	false
0	3350	true
0	3351	true
0	3352	true
0	3353	true
0	3354	true
0	3355	true
0	3356	false
0	3357	true
0	3358	false
0	3359	false
0	3360	true
0	3361	true
0	3362	true
0	3363	true
0	3364	false
0	3365	true
0	3366	true
0	3367	true
0	3368	true
0	3369	true
0	3370	true
0	3371	false
0	3372	false
0	3373	false
0	3374	true
0	3375	false
0	3376	true
0	3377	true
0	3378	true
0	3379	true
0	3380	false
0	3381	false
0	3382	false
0	3383	false
0	3384	false
0	3385	true
0	3386	true
0	3387	true
0	3388	true
0	3389	false
0	3390	false
0	3391	true
0	3392	true
0	3393	true
0	3394	true
0	3395	true
0	3396	true
0	3397	false
0	3398	true
0	3399	true
0	3400	true
0	3401	false
0	3402	false
0	3403	false
0	3404	true
0	3405	false
0	3406	true
0	3407	true
0	3408	true
0	3409	true
0	3410	true
0	3411	true
0	3412	false
0	3413	true
0	3414	true
0	3415	true
0	3416	true
0	3417	true
0	3418	true
0	3419	false
0	3420	false
0	3421	false
0	3422	false
0	3423	false
0	3424	true
0	3425	true
0	3426	true
0	3427	true
0	3428	false
0	3429	false
0	3430	true
0	3431	true
0	3432	false
0	3433	true
0	3434	false
0	3435	false
0	3436	false
0	3437	false
0	3438	false
0	3439	false
0	3440	false
0	3441	true
0	3442	false
0	3443	true
0	3444	true
0	3445	true
0	3446	true
0	3447	false
0	3448	false
0	3449	false
0	3450	true
0	3451	false
0	3452	false
0	3453	true
0	3454	true
0	3455	false
0	3456	false
0	3457	false
0	3458	false
0	3459	true
0	3460	false
0	3461	true
0	3462	true
0	3463	true
0	3464	false
0	3465	false
0	3466	true
0	3467	true
0	3468	true
0	3469	false
0	3470	false
0	3471	true
0	3472	true
0	3473	true
0	3474	false
0	3475	true
0	3476	true
0	3477	false
0	3478	false
0	3479	true
0	3480	true
0	3481	false
0	3482	true
0	3483	false
0	3484	false
0	3485	false
0	3486	false
0	3487	false
0	3488	false
0	3489	false
0	3490	false
0	3491	true
0	3492	false
0	3493	false
0	3494	true
0	3495	true
0	3496	true
0	3497	true
0	3498	true
0	3499	true
0	3500	true
0	3501	false
0	3502	true
0	3503	false
0	3504	true
0	3505	false
0	3506	true
0	3507	true
0	3508	true
0	3509	false
0	3510	false
0	3511	true
0	3512	true
0	3513	false
0	3514	true
0	3515	false
0	3516	true
0	3517	true
0	3518	true
0	3519	false
0	3520	false
0	3521	true
0	3522	false
0	3523	true
0	3524	true
0	3525	true
0	3526	false
0	3527	true
0	3528	false
0	3529	false
0	3530	false
0	3531	false
0	3532	false
0	3533	false
0	3534	false
0	3535	true
0	3536	false
0	3537	false
0	3538	true
0	3539	false
0	3540	true
0	3541	true
0	3542	false
0	3543	true
0	3544	true
0	3545	true
0	3546	false
0	3547	false
0	3548	true
0	3549	true
0	3550	true
0	3551	true
0	3552	false
0	3553	true
0	3554	false
0	3555	true
0	3556	true
0	3557	true
0	3558	true
0	3559	false
0	3560	false
0	3561	false
0	3562	true
0	3563	false
0	3564	true
0	3565	false
0	3566	false
0	3567	true
0	3568	true
0	3569	true
0	3570	true
0	3571	false
0	3572	false
0	3573	false
0	3574	true
0	3575	false
0	3576	true
0	3577	true
0	3578	true
0	3579	true
0	3580	true
0	3581	true
0	3582	false
0	3583	true
0	3584	true
0	3585	false
0	3586	true
0	3587	false
0	3588	true
0	3589	false
0	3590	false
0	3591	true
0	3592	true
0	3593	true
0	3594	false
0	3595	false
0	3596	false
0	3597	true
0	3598	false
0	3599	true
0	3600	false
0	3601	false
0	3602	true
0	3603	false
0	3604	false
0	3605	true
0	3606	true
0	3607	false
0	3608	true
0	3609	true
0	3610	true
0	3611	true
0	3612	true
0	3613	false
0	3614	true
0	3615	false
0	3616	false
0	3617	false
0	3618	true
0	3619	true
0	3620	false
0	3621	true
0	3622	true
0	3623	false
0	3624	true
0	3625	true
0	3626	true
0	3627	false
0	3628	false
0	3629	false
0	3630	true
0	3631	true
0	3632	false
0	3633	false
0	3634	true
0	3635	true
0	3636	false
0	3637	false
0	3638	false
0	3639	true
0	3640	false
0	3641	true
0	3642	false
0	3643	false
0	3644	false
0	3645	false
0	3646	true
0	3647	true
0	3648	false
0	3649	true
0	3650	false
0	3651	true
0	3652	false
0	3653	false
0	3654	false
0	3655	false
0	3656	true
0	3657	false
0	3658	false
0	3659	true
0	3660	true
0	3661	false
0	3662	true
0	3663	true
0	3664	true
0	3665	false
0	3666	true
0	3667	false
0	3668	true
0	3669	true
0	3670	false
0	3671	true
0	3672	false
0	3673	true
0	3674	false
0	3675	true
0	3676	false
0	3677	true
0	3678	false
0	3679	false
0	3680	true
0	3681	true
0	3682	false
0	3683	false
0	3684	false
0	3685	true
0	3686	false
0	3687	false
0	3688	true
0	3689	true
0	3690	false
0	3691	true
0	3692	false
0	3693	false
0	3694	false
0	3695	true
0	3696	true
0	3697	false
0	3698	false
0	3699	true
0	3700	true
0	3701	false
0	3702	true
0	3703	true
0	3704	false
0	3705	true
0	3706	false
0	3707	false
0	3708	false
0	3709	false
0	3710	true
0	3711	false
0	3712	true
0	3713	false
0	3714	true
0	3715	true
0	3716	false
0	3717	false
0	3718	false
0	3719	false
0	3720	true
0	3721	true
0	3722	true
0	3723	true
0	3724	false
0	3725	false
0	3726	true
0	3727	false
0	3728	true
0	3729	true
0	3730	true
0	3731	true
0	3732	true
0	3733	false
0	3734	true
0	3735	false
0	3736	true
0	3737	false
0	3738	false
0	3739	true
0	3740	true
0	3741	false
0	3742	true
0	3743	true
0	3744	true
0	3745	false
0	3746	false
0	3747	false
0	3748	false
0	3749	false
0	3750	true
0	3751	false
0	3752	false
0	3753	false
0	3754	true
0	3755	true
0	3756	true
0	3757	false
0	3758	true
0	3759	true
0	3760	true
0	3761	false
0	3762	true
0	3763	true
0	3764	false
0	3765	false
0	3766	true
0	3767	true
0	3768	false
0	3769	true
0	3770	false
0	3771	true
0	3772	true
0	3773	false
0	3774	false
0	3775	false
0	3776	true
0	3777	false
0	3778	true
0	3779	false
0	3780	true
0	3781	true
0	3782	true
0	3783	false
0	3784	true
0	3785	false
0	3786	true
0	3787	true
0	3788	true
0	3789	true
0	3790	false
0	3791	false
0	3792	true
0	3793	false
0	3794	false
0	3795	false
0	3796	true
0	3797	true
0	3798	true
0	3799	true
0	3800	true
0	3801	true
0	3802	true
0	3803	true
0	3804	true
0	3805	true
0	3806	false
0	3807	false
0	3808	true
0	3809	true
0	3810	true
0	3811	true
0	3812	true
0	3813	true
0	3814	true
0	3815	false
0	3816	false
0	3817	true
0	3818	false
0	3819	false
0	3820	false
0	3821	false
0	3822	true
0	3823	true
0	3824	false
0	3825	false
0	3826	true
0	3827	true
0	3828	false
0	3829	false
0	3830	true
0	3831	true
0	3832	true
0	3833	true
0	3834	true
0	3835	false
0	3836	true
0	3837	true
0	3838	false
0	3839	false
0	3840	true
0	3841	false
0	3842	false
0	3843	true
0	3844	false
0	3845	false
0	3846	false
0	3847	false
0	3848	true
0	3849	false
0	3850	true
0	3851	false
0	3852	false
0	3853	true
0	3854	true
0	3855	false
0	3856	true
0	3857	true
0	3858	false
0	3859	false
0	3860	true
0	3861	false
0	3862	true
0	3863	false
0	3864	false
0	3865	true
0	3866	false
0	3867	true
0	3868	false
0	3869	true
0	3870	false
0	3871	false
0	3872	false
0	3873	false
0	3874	false
0	3875	false
0	3876	true
0	3877	false
0	3878	false
0	3879	false
0	3880	true
0	3881	false
0	3882	false
0	3883	true
0	3884	false
0	3885	false
0	3886	false
0	3887	false
0	3888	true
0	3889	true
0	3890	false
0	3891	false
0	3892	false
0	3893	false
0	3894	true
0	3895	false
0	3896	true
0	3897	true
0	3898	true
0	3899	false
0	3900	true
0	3901	true
0	3902	false
0	3903	true
0	3904	true
0	3905	true
0	3906	true
0	3907	true
0	3908	true
0	3909	false
0	3910	false
0	3911	true
0	3912	false
0	3913	false
0	3914	true
0	3915	true
0	3916	false
0	3917	true
0	3918	true
0	3919	true
0	3920	true
0	3921	true
0	3922	true
0	3923	true
0	3924	true
0	3925	false
0	3926	false
0	3927	true
0	3928	false
0	3929	true
0	3930	true
0	3931	false
0	3932	true
0	3933	true
0	3934	true
0	3935	true
0	3936	false
0	3937	true
0	3938	true
0	3939	false
0	3940	false
0	3941	false
0	3942	true
0	3943	false
0	3944	false
0	3945	true
0	3946	false
0	3947	true
0	3948	false
0	3949	false
0	3950	true
0	3951	true
0	3952	true
0	3953	false
0	3954	true
0	3955	true
0	3956	false
0	3957	true
0	3958	false
0	3959	false
0	3960	false
0	3961	true
0	3962	true
0	3963	true
0	3964	false
0	3965	false
0	3966	false
0	3967	false
0	3968	true
0	3969	false
0	3970	true
0	3971	true
0	3972	false
0	3973	false
0	3974	false
0	3975	false
0	3976	true
0	3977	true
0	3978	false
0	3979	true
0	3980	false
0	3981	false
0	3982	true
0	3983	false
0	3984	true
0	3985	true
0	3986	false
0	3987	false
0	3988	true
0	3989	true
0	3990	true
0	3991	false
0	3992	true
0	3993	false
0	3994	true
0	3995	true
0	3996	true
0	3997	false
0	3998	true
0	3999	false
0	4000	false
0	4001	false
0	4002	true
0	4003	true
0	4004	true
0	4005	true
0	4006	false
0	4007	true
0	4008	false
0	4009	true
0	4010	false
0	4011	false
0	4012	false
0	4013	true
0	4014	false
0	4015	false
0	4016	false
0	4017	true
0	4018	false
0	4019	false
0	4020	false
0	4021	false
0	4022	true
0	4023	false
0	4024	true
0	4025	false
0	4026	true
0	4027	true
0	4028	false
0	4029	false
0	4030	false
0	4031	true
0	4032	true
0	4033	false
0	4034	false
0	4035	true
0	4036	true
0	4037	false
0	4038	false
0	4039	false
0	4040	false
0	4041	true
0	4042	true
0	4043	true
0	4044	true
0	4045	true
0	4046	true
0	4047	true
0	4048	true
0	4049	true
0	4050	true
0	4051	true
0	4052	true
0	4053	true
0	4054	false
0	4055	false
0	4056	true
0	4057	false
0	4058	true
0	4059	true
0	4060	true
0	4061	false
0	4062	true
0	4063	false
0	4064	false
0	4065	true
0	4066	true
0	4067	false
0	4068	false
0	4069	false
0	4070	false
0	4071	true
0	4072	true
0	4073	true
0	4074	true
0	4075	true
0	4076	true
0	4077	false
0	4078	false
0	4079	true
0	4080	false
0	4081	false
0	4082	false
0	4083	false
0	4084	true
0	4085	true
0	4086	false
0	4087	false
0	4088	false
0	4089	false
0	4090	false
0	4091	true
0	4092	true
0	4093	false
0	4094	true
0	4095	false
0	4096	true
0	4097	true
0	4098	true
0	4099	false
0	4100	true
0	4101	false
0	4102	true
0	4103	false
0	4104	true
0	4105	false
0	4106	false
0	4107	false
0	4108	true
0	4109	true
0	4110	false
0	4111	true
0	4112	false
0	4113	false
0	4114	true
0	4115	true
0	4116	false
0	4117	false
0	4118	false
0	4119	false
0	4120	true
0	4121	true
0	4122	false
0	4123	false
0	4124	true
0	4125	true
0	4126	true
0	4127	false
0	4128	false
0	4129	false
0	4130	true
0	4131	false
0	4132	true
0	4133	false
0	4134	true
0	4135	true
0	4136	true
0	4137	true
0	4138	true
0	4139	true
0	4140	false
0	4141	true
0	4142	false
0	4143	false
0	4144	true
0	4145	true
0	4146	true
0	4147	true
0	4148	false
0	4149	true
0	4150	true
0	4151	false
0	4152	true
0	4153	false
0	4154	false
0	4155	true
0	4156	true
0	4157	true
0	4158	true
0	4159	false
0	4160	false
0	4161	false
0	4162	true
0	4163	true
0	4164	true
0	4165	true
0	4166	true
0	4167	true
0	4168	false
0	4169	true
0	4170	false
0	4171	false
0	4172	true
0	4173	false
0	4174	false
0	4175	false
0	4176	false
0	4177	false
0	4178	false
0	4179	false
0	4180	true
0	4181	false
0	4182	true
0	4183	false
0	4184	false
0	4185	true
0	4186	true
0	4187	true
0	4188	true
0	4189	true
0	4190	false
0	4191	true
0	4192	true
0	4193	false
0	4194	false
0	4195	false
0	4196	true
0	4197	false
0	4198	true
0	4199	false
0	4200	false
0	4201	true
0	4202	false
0	4203	false
0	4204	true
0	4205	false
0	4206	false
0	4207	true
0	4208	false
0	4209	false
0	4210	true
0	4211	true
0	4212	true
0	4213	false
0	4214	true
0	4215	false
0	4216	true
0	4217	false
0	4218	false
0	4219	false
0	4220	false
0	4221	true
0	4222	false
0	4223	true
0	4224	true
0	4225	true
0	4226	false
0	4227	false
0	4228	false
0	4229	false
0	4230	true
0	4231	false
0	4232	true
0	4233	true
0	4234	true
0	4235	false
0	4236	false
0	4237	false
0	4238	true
0	4239	true
0	4240	false
0	4241	true
0	4242	true
0	4243	false
0	4244	false
0	4245	false
0	4246	false
0	4247	false
0	4248	false
0	4249	true
0	4250	true
0	4251	true
0	4252	false
0	4253	true
0	4254	true
0	4255	true
0	4256	true
0	4257	true
0	4258	true
0	4259	true
0	4260	false
0	4261	false
0	4262	false
0	4263	true
0	4264	true
0	4265	true
0	4266	false
0	4267	true
0	4268	false
0	4269	true
0	4270	false
0	4271	true
0	4272	false
0	4273	true
0	4274	true
0	4275	true
0	4276	false
0	4277	true
0	4278	true
0	4279	false
0	4280	false
0	4281	false
0	4282	false
0	4283	false
0	4284	false
0	4285	true
0	4286	true
0	4287	false
0	4288	true
0	4289	false
0	4290	false
0	4291	true
0	4292	true
0	4293	true
0	4294	false
0	4295	false
0	4296	true
0	4297	false
0	4298	false
0	4299	true
0	4300	false
0	4301	false
0	4302	true
0	4303	true
0	4304	true
0	4305	true
0	4306	false
0	4307	false
0	4308	false
0	4309	false
0	4310	true
0	4311	false
0	4312	true
0	4313	false
0	4314	true
0	4315	false
0	4316	false
0	4317	true
0	4318	true
0	4319	false
0	4320	true
0	4321	true
0	4322	true
0	4323	true
0	4324	true
0	4325	false
0	4326	false
0	4327	false
0	4328	true
0	4329	false
0	4330	false
0	4331	false
0	4332	true
0	4333	false
0	4334	true
0	4335	false
0	4336	true
0	4337	false
0	4338	true
0	4339	true
0	4340	true
0	4341	true
0	4342	true
0	4343	true
0	4344	false
0	4345	true
0	4346	false
0	4347	true
0	4348	false
0	4349	false
0	4350	false
0	4351	true
0	4352	true
0	4353	false
0	4354	false
0	4355	true
0	4356	false
0	4357	true
0	4358	false
0	4359	true
0	4360	true
0	4361	false
0	4362	true
0	4363	true
0	4364	false
0	4365	false
0	4366	false
0	4367	true
0	4368	true
0	4369	false
0	4370	false
0	4371	false
0	4372	false
0	4373	false
0	4374	false
0	4375	true
0	4376	true
0	4377	true
0	4378	true
0	4379	true
0	4380	false
0	4381	false
0	4382	false
0	4383	false
0	4384	true
0	4385	false
0	4386	true
0	4387	false
0	4388	false
0	4389	false
0	4390	false
0	4391	false
0	4392	true
0	4393	false
0	4394	true
0	4395	false
0	4396	false
0	4397	false
0	4398	true
0	4399	false
0	4400	false
0	4401	true
0	4402	true
0	4403	false
0	4404	true
0	4405	false
0	4406	true
0	4407	false
0	4408	false
0	4409	false
0	4410	true
0	4411	false
0	4412	true
0	4413	true
0	4414	true
0	4415	true
0	4416	true
0	4417	false
0	4418	false
0	4419	false
0	4420	false
0	4421	true
0	4422	false
0	4423	false
0	4424	true
0	4425	true
0	4426	true
0	4427	false
0	4428	true
0	4429	true
0	4430	true
0	4431	false
0	4432	false
0	4433	false
0	4434	false
0	4435	false
0	4436	false
0	4437	false
0	4438	true
0	4439	false
0	4440	false
0	4441	true
0	4442	true
0	4443	true
0	4444	false
0	4445	false
0	4446	true
0	4447	true
0	4448	false
0	4449	false
0	4450	false
0	4451	false
0	4452	true
0	4453	true
0	4454	false
0	4455	false
0	4456	false
0	4457	false
0	4458	false
0	4459	false
0	4460	true
0	4461	false
0	4462	false
0	4463	false
0	4464	false
0	4465	false
0	4466	false
0	4467	false
0	4468	false
0	4469	false
0	4470	true
0	4471	false
0	4472	false
0	4473	true
0	4474	false
0	4475	true
0	4476	true
0	4477	false
0	4478	true
0	4479	true
0	4480	false
0	4481	false
0	4482	true
0	4483	true
0	4484	true
0	4485	false
0	4486	true
0	4487	true
0	4488	true
0	4489	false
0	4490	false
0	4491	true
0	4492	false
0	4493	false
0	4494	true
0	4495	true
0	4496	true
0	4497	true
0	4498	false
0	4499	false
0	4500	true
0	4501	true
0	4502	true
0	4503	false
0	4504	false
0	4505	false
0	4506	false
0	4507	true
0	4508	false
0	4509	true
0	4510	false
0	4511	false
0	4512	false
0	4513	false
0	4514	false
0	4515	true
0	4516	false
0	4517	true
0	4518	true
0	4519	false
0	4520	false
0	4521	false
0	4522	false
0	4523	true
0	4524	false
0	4525	true
0	4526	false
0	4527	false
0	4528	true
0	4529	true
0	4530	false
0	4531	false
0	4532	false
0	4533	false
0	4534	false
0	4535	true
0	4536	true
0	4537	false
0	4538	true
0	4539	false
0	4540	false
0	4541	true
0	4542	true
0	4543	true
0	4544	true
0	4545	true
0	4546	false
0	4547	false
0	4548	false
0	4549	false
0	4550	false
0	4551	false
0	4552	false
0	4553	true
0	4554	true
0	4555	false
0	4556	true
0	4557	false
0	4558	true
0	4559	true
0	4560	false
0	4561	false
0	4562	false
0	4563	true
0	4564	false
0	4565	false
0	4566	true
0	4567	false
0	4568	true
0	4569	true
0	4570	false
0	4571	false
0	4572	true
0	4573	false
0	4574	false
0	4575	false
0	4576	true
0	4577	true
0	4578	false
0	4579	true
0	4580	true
0	4581	true
0	4582	true
0	4583	false
0	4584	true
0	4585	true
0	4586	true
0	4587	false
0	4588	false
0	4589	false
0	4590	false
0	4591	true
0	4592	false
0	4593	false
0	4594	false
0	4595	true
0	4596	true
0	4597	false
0	4598	true
0	4599	false
0	4600	true
0	4601	false
0	4602	true
0	4603	true
0	4604	false
0	4605	false
0	4606	true
0	4607	false
0	4608	true
0	4609	true
0	4610	false
0	4611	true
0	4612	true
0	4613	true
0	4614	true
0	4615	true
0	4616	true
0	4617	false
0	4618	false
0	4619	true
0	4620	false
0	4621	false
0	4622	true
0	4623	true
0	4624	true
0	4625	false
0	4626	false
0	4627	false
0	4628	true
0	4629	false
0	4630	true
0	4631	true
0	4632	true
0	4633	false
0	4634	true
0	4635	true
0	4636	false
0	4637	true
0	4638	false
0	4639	true
0	4640	true
0	4641	false
0	4642	true
0	4643	false
0	4644	false
0	4645	false
0	4646	false
0	4647	true
0	4648	false
0	4649	false
0	4650	true
0	4651	false
0	4652	false
0	4653	false
0	4654	true
0	4655	false
0	4656	true
0	4657	true
0	4658	true
0	4659	true
0	4660	false
0	4661	true
0	4662	true
0	4663	false
0	4664	true
0	4665	true
0	4666	false
0	4667	true
0	4668	true
0	4669	false
0	4670	false
0	4671	false
0	4672	false
0	4673	true
0	4674	false
0	4675	true
0	4676	true
0	4677	false
0	4678	false
0	4679	true
0	4680	false
0	4681	true
0	4682	false
0	4683	false
0	4684	false
0	4685	true
0	4686	false
0	4687	true
0	4688	true
0	4689	false
0	4690	false
0	4691	false
0	4692	true
0	4693	false
0	4694	true
0	4695	true
0	4696	false
0	4697	true
0	4698	false
0	4699	false
0	4700	true
0	4701	false
0	4702	false
0	4703	true
0	4704	true
0	4705	false
0	4706	true
0	4707	false
0	4708	false
0	4709	false
0	4710	false
0	4711	false
0	4712	true
0	4713	false
0	4714	false
0	4715	false
0	4716	true
0	4717	true
0	4718	true
0	4719	false
0	4720	true
0	4721	false
0	4722	true
0	4723	true
0	4724	false
0	4725	true
0	4726	false
0	4727	true
0	4728	false
0	4729	false
0	4730	true
0	4731	true
0	4732	false
0	4733	true
0	4734	true
0	4735	true
0	4736	false
0	4737	false
0	4738	true
0	4739	true
0	4740	false
0	4741	false
0	4742	true
0	4743	false
0	4744	true
0	4745	false
0	4746	true
0	4747	true
0	4748	false
0	4749	false
0	4750	false
0	4751	true
0	4752	true
0	4753	true
0	4754	true
0	4755	true
0	4756	false
0	4757	false
0	4758	false
0	4759	true
0	4760	true
0	4761	false
0	4762	true
0	4763	true
0	4764	false
0	4765	false
0	4766	false
0	4767	false
0	4768	false
0	4769	true
0	4770	true
0	4771	false
0	4772	false
0	4773	true
0	4774	false
0	4775	true
0	4776	false
0	4777	false
0	4778	false
0	4779	false
0	4780	true
0	4781	false
0	4782	false
0	4783	true
0	4784	true
0	4785	false
0	4786	true
0	4787	false
0	4788	true
0	4789	false
0	4790	true
0	4791	true
0	4792	true
0	4793	true
0	4794	false
0	4795	false
0	4796	false
0	4797	true
0	4798	false
0	4799	false
0	4800	true
0	4801	true
0	4802	false
0	4803	true
0	4804	true
0	4805	false
0	4806	true
0	4807	true
0	4808	false
0	4809	false
0	4810	false
0	4811	true
0	4812	true
0	4813	false
0	4814	false
0	4815	true
0	4816	false
0	4817	false
0	4818	true
0	4819	true
0	4820	false
0	4821	true
0	4822	true
0	4823	false
0	4824	false
0	4825	false
0	4826	true
0	4827	false
0	4828	false
0	4829	false
0	4830	false
0	4831	false
0	4832	false
0	4833	false
0	4834	false
0	4835	false
0	4836	true
0	4837	false
0	4838	true
0	4839	true
0	4840	true
0	4841	true
0	4842	false
0	4843	true
0	4844	false
0	4845	true
0	4846	true
0	4847	true
0	4848	true
0	4849	true
0	4850	false
0	4851	false
0	4852	true
0	4853	true
0	4854	false
0	4855	true
0	4856	false
0	4857	false
0	4858	true
0	4859	false
0	4860	true
0	4861	true
0	4862	true
0	4863	true
0	4864	false
0	4865	true
0	4866	true
0	4867	false
0	4868	false
0	4869	true
0	4870	true
0	4871	false
0	4872	false
0	4873	false
0	4874	true
0	4875	true
0	4876	false
0	4877	true
0	4878	true
0	4879	true
0	4880	true
0	4881	true
0	4882	true
0	4883	true
0	4884	false
0	4885	true
0	4886	false
0	4887	true
0	4888	true
0	4889	true
0	4890	false
0	4891	true
0	4892	false
0	4893	false
0	4894	false
0	4895	true
0	4896	false
0	4897	false
0	4898	true
0	4899	false
0	4900	false
0	4901	true
0	4902	false
0	4903	true
0	4904	false
0	4905	false
0	4906	true
0	4907	true
0	4908	true
0	4909	true
0	4910	false
0	4911	false
0	4912	false
0	4913	true
0	4914	false
0	4915	false
0	4916	false
0	4917	true
0	4918	false
0	4919	false
0	4920	true
0	4921	false
0	4922	false
0	4923	false
0	4924	false
0	4925	false
0	4926	true
0	4927	false
0	4928	false
0	4929	false
0	4930	true
0	4931	false
0	4932	true
0	4933	false
0	4934	true
0	4935	false
0	4936	true
0	4937	true
0	4938	false
0	4939	false
0	4940	false
0	4941	true
0	4942	true
0	4943	true
0	4944	false
0	4945	false
0	4946	false
0	4947	true
0	4948	true
0	4949	true
0	4950	true
0	4951	false
0	4952	false
0	4953	true
0	4954	false
0	4955	false
0	4956	true
0	4957	true
0	4958	false
0	4959	true
0	4960	false
0	4961	false
0	4962	false
0	4963	false
0	4964	false
0	4965	false
0	4966	true
0	4967	false
0	4968	true
0	4969	false
0	4970	false
0	4971	false
0	4972	false
0	4973	true
0	4974	true
0	4975	false
0	4976	false
0	4977	false
0	4978	false
0	4979	false
0	4980	true
0	4981	true
0	4982	true
0	4983	true
0	4984	true
0	4985	false
0	4986	true
0	4987	true
0	4988	true
0	4989	false
0	4990	false
0	4991	true
0	4992	false
0	4993	false
0	4994	false
0	4995	false
0	4996	true
0	4997	false
0	4998	false
0	4999	false
