0	false
1	false
2	false
3	true
4	true
5	true
6	false
7	false
8	true
9	false
10	false
11	true
12	false
13	false
14	true
15	false
16	true
17	true
18	true
19	false
20	false
21	false
22	true
23	true
24	true
25	false
26	false
27	false
28	true
29	true
30	false
31	false
32	true
33	false
34	false
35	false
36	true
37	false
38	true
39	true
40	true
41	false
42	false
43	true
44	true
45	false
46	false
47	false
48	true
49	false
50	false
51	true
52	true
53	false
54	true
55	false
56	true
57	true
58	true
59	false
60	false
61	false
62	false
63	false
64	true
65	true
66	true
67	true
68	true
69	false
70	false
71	true
72	false
73	false
74	false
75	false
76	false
77	false
78	true
79	false
80	true
81	true
82	true
83	false
84	true
85	true
86	true
87	true
88	false
89	true
90	false
91	false
92	true
93	true
94	false
95	false
96	false
97	true
98	false
99	false
100	true
101	false
102	false
103	false
104	true
105	false
106	true
107	false
108	true
109	false
110	false
111	false
112	true
113	false
114	true
115	false
116	false
117	false
118	false
119	false
120	false
121	true
122	false
123	true
124	false
125	false
126	false
127	false
128	false
129	false
130	false
131	false
132	false
133	false
134	true
135	true
136	true
137	true
138	false
139	false
140	false
141	false
142	true
143	true
144	true
145	false
146	false
147	false
148	true
149	true
150	true
151	true
152	true
153	false
154	false
155	false
156	true
157	false
158	true
159	true
160	true
161	true
162	false
163	false
164	false
165	true
166	true
167	false
168	true
169	true
170	true
171	false
172	true
173	true
174	true
175	false
176	false
177	true
178	true
179	false
180	false
181	true
182	false
183	true
184	true
185	false
186	false
187	false
188	false
189	false
190	true
191	true
192	true
193	true
194	false
195	false
196	false
197	false
198	false
199	true
200	false
201	false
202	true
203	true
204	false
205	false
206	true
207	false
208	true
209	false
210	true
211	true
212	false
213	false
214	true
215	false
216	true
217	false
218	true
219	true
220	false
221	true
222	false
223	true
224	false
225	false
226	true
227	false
228	false
229	false
230	true
231	true
232	true
233	true
234	true
235	true
236	false
237	false
238	true
239	true
240	false
241	true
242	false
243	false
244	false
245	true
246	false
247	false
248	true
249	true
250	true
251	true
252	true
253	false
254	false
255	false
256	false
257	false
258	false
259	false
260	false
261	true
262	false
263	true
264	false
265	false
266	false
267	false
268	false
269	false
270	false
271	true
272	false
273	true
274	true
275	true
276	true
277	true
278	false
279	true
280	true
281	true
282	true
283	false
284	true
285	false
286	false
287	false
288	true
289	false
290	false
291	true
292	true
293	true
294	true
295	true
296	true
297	false
298	true
299	false
300	true
301	false
302	true
303	true
304	true
305	false
306	true
307	false
308	true
309	true
310	false
311	false
312	false
313	true
314	true
315	false
316	true
317	true
318	true
319	true
320	false
321	true
322	false
323	true
324	true
325	true
326	true
327	true
328	true
329	true
330	true
331	false
332	false
333	true
334	true
335	false
336	false
337	true
338	false
339	false
340	false
341	false
342	true
343	true
344	true
345	false
346	false
347	true
348	false
349	false
350	true
351	true
352	true
353	true
354	true
355	false
356	true
357	false
358	false
359	false
360	false
361	false
362	false
363	false
364	false
365	true
366	false
367	false
368	true
369	true
370	true
371	false
372	true
373	false
374	false
375	true
376	true
377	false
378	false
379	true
380	true
381	true
382	false
383	true
384	true
385	false
386	false
387	true
388	true
389	false
390	true
391	false
392	true
393	false
394	false
395	false
396	true
397	true
398	true
399	true
400	false
401	true
402	false
403	true
404	false
405	false
406	false
407	true
408	true
409	false
410	true
411	false
412	false
413	false
414	true
415	false
416	true
417	true
418	true
419	true
420	false
421	true
422	true
423	false
424	false
425	true
426	true
427	true
428	true
429	true
430	false
431	false
432	false
433	false
434	false
435	true
436	false
437	false
438	true
439	true
440	false
441	true
442	true
443	false
444	true
445	false
446	true
447	true
448	false
449	false
450	false
451	true
452	false
453	true
454	false
455	true
456	false
457	true
458	false
459	false
460	false
461	true
462	true
463	true
464	false
465	false
466	true
467	false
468	false
469	true
470	true
471	true
472	true
473	false
474	false
475	false
476	false
477	false
478	true
479	false
480	true
481	true
482	false
483	true
484	true
485	true
486	false
487	true
488	false
489	false
490	true
491	false
492	false
493	true
494	true
495	false
496	false
497	true
498	false
499	true
500	false
501	true
502	false
503	true
504	false
505	false
506	true
507	false
508	false
509	false
510	false
511	true
512	false
513	false
514	true
515	true
516	false
517	false
518	false
519	false
520	false
521	false
522	false
523	true
524	true
525	true
526	false
527	true
528	true
529	true
530	true
531	true
532	false
533	false
534	true
535	true
536	true
537	true
538	true
539	false
540	false
541	true
542	true
543	true
544	true
545	true
546	true
547	true
548	true
549	true
550	true
551	true
552	false
553	false
554	true
555	false
556	true
557	true
558	false
559	true
560	true
561	true
562	true
563	false
564	false
565	true
566	true
567	false
568	true
569	false
570	true
571	false
572	true
573	false
574	false
575	true
576	false
577	false
578	false
579	true
580	false
581	true
582	false
583	true
584	true
585	false
586	true
587	false
588	true
589	true
590	false
591	true
592	false
593	true
594	false
595	true
596	false
597	false
598	true
599	false
600	true
601	false
602	false
603	true
604	false
605	true
606	true
607	true
608	false
609	false
610	false
611	true
612	false
613	false
614	false
615	true
616	true
617	false
618	false
619	false
620	true
621	true
622	false
623	false
624	false
625	true
626	false
627	true
628	false
629	false
630	false
631	true
632	false
633	false
634	false
635	true
636	false
637	false
638	true
639	false
640	true
641	false
642	false
643	true
644	true
645	true
646	true
647	true
648	false
649	false
650	false
651	false
652	true
653	false
654	true
655	true
656	true
657	false
658	true
659	false
660	false
661	true
662	true
663	false
664	false
665	true
666	false
667	true
668	true
669	true
670	true
671	false
672	false
673	true
674	true
675	false
676	false
677	false
678	true
679	true
680	false
681	true
682	false
683	true
684	false
685	true
686	false
687	false
688	false
689	false
690	false
691	false
692	false
693	true
694	false
695	false
696	true
697	true
698	true
699	true
700	false
701	true
702	false
703	true
704	true
705	true
706	false
707	false
708	true
709	true
710	true
711	true
712	false
713	true
714	false
715	false
716	false
717	true
718	true
719	false
720	false
721	true
722	false
723	true
724	true
725	false
726	false
727	true
728	true
729	false
730	false
731	false
732	true
733	false
734	false
735	true
736	true
737	false
738	false
739	true
740	false
741	false
742	false
743	false
744	false
745	true
746	true
747	false
748	false
749	false
750	true
751	true
752	true
753	true
754	true
755	true
756	false
757	true
758	true
759	false
760	true
761	true
762	true
763	false
764	true
765	true
766	true
767	false
768	false
769	false
770	false
771	true
772	false
773	false
774	false
775	true
776	false
777	false
778	false
779	true
780	false
781	false
782	false
783	false
784	true
785	false
786	true
787	false
788	false
789	true
790	true
791	true
792	true
793	false
794	false
795	true
796	false
797	true
798	true
799	false
800	true
801	true
802	false
803	false
804	false
805	false
806	false
807	true
808	true
809	true
810	true
811	false
812	false
813	true
814	false
815	true
816	true
817	true
818	true
819	false
820	true
821	true
822	true
823	true
824	false
825	false
826	false
827	false
828	true
829	false
830	false
831	false
832	true
833	true
834	false
835	true
836	false
837	false
838	true
839	true
840	true
841	false
842	false
843	true
844	true
845	true
846	false
847	true
848	false
849	true
850	false
851	true
852	true
853	false
854	false
855	true
856	false
857	false
858	true
859	false
860	true
861	true
862	true
863	true
864	false
865	false
866	true
867	true
868	false
869	false
870	true
871	false
872	false
873	true
874	false
875	true
876	true
877	true
878	false
879	false
880	true
881	false
882	false
883	false
884	false
885	false
886	true
887	false
888	false
889	false
890	false
891	true
892	true
893	false
894	true
895	true
896	false
897	false
898	true
899	false
900	false
901	true
902	true
903	false
904	true
905	false
906	false
907	false
908	false
909	false
910	false
911	false
912	false
913	true
914	false
915	true
916	false
917	true
918	true
919	false
920	true
921	true
922	false
923	false
924	false
925	true
926	true
927	false
928	false
929	false
930	true
931	true
932	true
933	true
934	true
935	false
936	true
937	true
938	false
939	true
940	false
941	true
942	true
943	false
944	false
945	false
946	false
947	false
948	false
949	true
950	true
951	false
952	false
953	true
954	false
955	true
956	true
957	false
958	false
959	true
960	false
961	false
962	true
963	false
964	true
965	false
966	true
967	true
968	true
969	true
970	true
971	true
972	true
973	false
974	true
975	true
976	true
977	false
978	false
979	false
980	true
981	true
982	true
983	false
984	true
985	true
986	false
987	true
988	true
989	true
990	true
991	false
992	false
993	false
994	true
995	true
996	true
997	false
998	false
999	true
1000	true
1001	true
1002	true
1003	true
1004	true
1005	false
1006	true
1007	false
1008	false
1009	false
1010	false
1011	true
1012	false
1013	false
1014	false
1015	false
1016	false
1017	true
1018	false
1019	true
1020	true
1021	false
1022	false
1023	true
1024	true
1025	true
1026	true
1027	false
1028	false
1029	true
1030	false
1031	false
1032	true
1033	true
1034	false
1035	false
1036	false
1037	false
1038	true
1039	true
1040	false
1041	false
1042	true
1043	false
1044	false
1045	true
1046	true
1047	true
1048	false
1049	true
1050	false
1051	true
1052	true
1053	true
1054	false
1055	true
1056	true
1057	false
1058	true
1059	false
1060	false
1061	true
1062	false
1063	false
1064	false
1065	false
1066	true
1067	false
1068	false
1069	false
1070	true
1071	true
1072	false
1073	false
1074	false
1075	false
1076	true
1077	true
1078	false
1079	true
1080	false
1081	true
1082	true
1083	true
1084	false
1085	true
1086	true
1087	true
1088	false
1089	false
1090	true
1091	false
1092	false
1093	true
1094	true
1095	false
1096	false
1097	false
1098	false
1099	false
1100	true
1101	false
1102	false
1103	false
1104	true
1105	true
1106	false
1107	false
1108	false
1109	true
1110	true
1111	true
1112	true
1113	false
1114	false
1115	false
1116	false
1117	true
1118	true
1119	false
1120	true
1121	true
1122	true
1123	true
1124	false
1125	true
1126	true
1127	true
1128	true
1129	false
1130	true
1131	false
1132	false
1133	true
1134	true
1135	false
1136	false
1137	true
1138	true
1139	true
1140	false
1141	true
1142	true
1143	false
1144	false
1145	true
1146	true
1147	false
1148	true
1149	true
1150	true
1151	true
1152	false
1153	false
1154	false
1155	true
1156	true
1157	false
1158	true
1159	true
1160	true
1161	true
1162	false
1163	true
1164	true
1165	true
1166	true
1167	false
1168	false
1169	false
1170	false
1171	true
1172	false
1173	true
1174	false
1175	false
1176	false
1177	true
1178	false
1179	false
1180	false
1181	false
1182	true
1183	false
1184	false
1185	false
1186	true
1187	true
1188	true
1189	true
1190	true
1191	false
1192	true
1193	false
1194	true
1195	false
1196	true
1197	false
1198	true
1199	false
1200	false
1201	true
1202	false
1203	true
1204	false
1205	false
1206	true
1207	true
1208	true
1209	false
1210	false
1211	false
1212	true
1213	false
1214	true
1215	false
1216	true
1217	true
1218	true
1219	true
1220	true
1221	true
1222	true
1223	true
1224	true
1225	true
1226	false
1227	true
1228	true
1229	true
1230	true
1231	true
1232	false
1233	false
1234	true
1235	false
1236	false
1237	true
1238	false
1239	true
1240	true
1241	false
1242	false
1243	true
1244	true
1245	false
1246	true
1247	true
1248	false
1249	false
1250	false
1251	false
1252	false
1253	false
1254	true
1255	true
1256	false
1257	false
1258	false
1259	true
1260	false
1261	false
1262	false
1263	true
1264	true
1265	true
1266	false
1267	true
1268	false
1269	true
1270	false
1271	true
1272	false
1273	false
1274	false
1275	true
1276	false
1277	true
1278	true
1279	false
1280	true
1281	false
1282	false
1283	false
1284	true
1285	true
1286	true
1287	true
1288	true
1289	false
1290	true
1291	true
1292	false
1293	false
1294	true
1295	true
1296	true
1297	true
1298	false
1299	false
1300	true
1301	true
1302	true
1303	false
1304	true
1305	true
1306	false
1307	true
1308	false
1309	true
1310	false
1311	true
1312	false
1313	true
1314	false
1315	false
1316	true
1317	false
1318	true
1319	false
1320	true
1321	true
1322	true
1323	false
1324	true
1325	false
1326	true
1327	false
1328	true
1329	false
1330	false
1331	true
1332	false
1333	true
1334	true
1335	false
1336	false
1337	true
1338	true
1339	true
1340	false
1341	true
1342	true
1343	false
1344	true
1345	false
1346	true
1347	true
1348	false
1349	false
1350	false
1351	false
1352	true
1353	true
1354	true
1355	false
1356	false
1357	true
1358	true
1359	false
1360	true
1361	false
1362	true
1363	false
1364	false
1365	true
1366	false
1367	false
1368	true
1369	true
1370	false
1371	false
1372	false
1373	true
1374	true
1375	true
1376	false
1377	true
1378	true
1379	false
1380	true
1381	false
1382	true
1383	false
1384	true
1385	true
1386	false
1387	true
1388	true
1389	false
1390	false
1391	true
1392	true
1393	true
1394	true
1395	false
1396	true
1397	false
1398	true
1399	false
1400	false
1401	false
1402	true
1403	true
1404	true
1405	true
1406	false
1407	false
1408	true
1409	true
1410	false
1411	false
1412	true
1413	false
1414	true
1415	false
1416	true
1417	true
1418	true
1419	true
1420	true
1421	false
1422	true
1423	false
1424	false
1425	false
1426	true
1427	false
1428	true
1429	false
1430	false
1431	false
1432	true
1433	true
1434	false
1435	true
1436	true
1437	true
1438	false
1439	true
1440	true
1441	true
1442	false
1443	false
1444	true
1445	true
1446	true
1447	true
1448	false
1449	true
1450	false
1451	true
1452	false
1453	false
1454	true
1455	false
1456	true
1457	true
1458	false
1459	true
1460	true
1461	true
1462	true
1463	false
1464	true
1465	false
1466	false
1467	true
1468	true
1469	false
1470	false
1471	false
1472	true
1473	false
1474	true
1475	true
1476	false
1477	true
1478	false
1479	true
1480	true
1481	false
1482	false
1483	true
1484	false
1485	true
1486	false
1487	false
1488	true
1489	true
1490	true
1491	true
1492	true
1493	false
1494	true
1495	false
1496	false
1497	false
1498	true
1499	false
1500	false
1501	true
1502	false
1503	false
1504	true
1505	true
1506	false
1507	true
1508	false
1509	true
1510	true
1511	true
1512	false
1513	true
1514	false
1515	false
1516	true
1517	true
1518	false
1519	true
1520	false
1521	true
1522	true
1523	false
1524	true
1525	true
1526	false
1527	true
1528	true
1529	false
1530	false
1531	false
1532	true
1533	false
1534	false
1535	true
1536	false
1537	false
1538	false
1539	true
1540	false
1541	false
1542	true
1543	false
1544	false
1545	true
1546	true
1547	false
1548	false
1549	false
1550	true
1551	false
1552	true
1553	true
1554	false
1555	false
1556	false
1557	true
1558	true
1559	true
1560	false
1561	true
1562	false
1563	true
1564	false
1565	false
1566	true
1567	false
1568	true
1569	true
1570	false
1571	true
1572	false
1573	false
1574	false
1575	true
1576	false
1577	false
1578	true
1579	false
1580	true
1581	true
1582	false
1583	false
1584	false
1585	true
1586	false
1587	false
1588	false
1589	false
1590	true
1591	false
1592	true
1593	false
1594	false
1595	false
1596	true
1597	false
1598	true
1599	false
1600	true
1601	true
1602	true
1603	false
1604	true
1605	false
1606	false
1607	true
1608	true
1609	false
1610	true
1611	true
1612	false
1613	true
1614	true
1615	true
1616	false
1617	false
1618	true
1619	false
1620	false
1621	false
1622	true
1623	false
1624	true
1625	true
1626	true
1627	false
1628	true
1629	true
1630	false
1631	true
1632	true
1633	true
1634	false
1635	false
1636	false
1637	false
1638	false
1639	true
1640	true
1641	true
1642	true
1643	true
1644	false
1645	true
1646	false
1647	false
1648	false
1649	true
1650	false
1651	true
1652	true
1653	true
1654	false
1655	false
1656	true
1657	true
1658	false
1659	true
1660	false
1661	true
1662	true
1663	false
1664	true
1665	false
1666	true
1667	false
1668	true
1669	true
1670	false
1671	false
1672	false
1673	true
1674	false
1675	true
1676	false
1677	true
1678	true
1679	false
1680	false
1681	true
1682	true
1683	true
1684	false
1685	false
1686	false
1687	false
1688	false
1689	false
1690	false
1691	true
1692	true
1693	true
1694	false
1695	false
1696	true
1697	false
1698	false
1699	true
1700	false
1701	true
1702	true
1703	true
1704	false
1705	false
1706	false
1707	false
1708	true
1709	false
1710	false
1711	false
1712	false
1713	true
1714	false
1715	false
1716	false
1717	true
1718	false
1719	true
1720	true
1721	true
1722	true
1723	true
1724	true
1725	true
1726	false
1727	false
1728	true
1729	false
1730	false
1731	false
1732	true
1733	true
1734	false
1735	true
1736	true
1737	false
1738	true
1739	true
1740	false
1741	true
1742	false
1743	true
1744	false
1745	true
1746	false
1747	true
1748	true
1749	false
1750	true
1751	true
1752	false
1753	false
1754	false
1755	false
1756	false
1757	false
1758	true
1759	false
1760	true
1761	true
1762	false
1763	true
1764	true
1765	false
1766	true
1767	false
1768	true
1769	true
1770	true
1771	true
1772	false
1773	true
1774	true
1775	false
1776	true
1777	true
1778	false
1779	true
1780	true
1781	false
1782	false
1783	true
1784	false
1785	true
1786	true
1787	false
1788	true
1789	true
1790	true
1791	false
1792	false
1793	true
1794	false
1795	false
1796	true
1797	true
1798	false
1799	true
1800	true
1801	true
1802	true
1803	false
1804	true
1805	false
1806	false
1807	false
1808	true
1809	true
1810	false
1811	true
1812	false
1813	true
1814	false
1815	true
1816	true
1817	false
1818	true
1819	true
1820	true
1821	false
1822	true
1823	true
1824	false
1825	true
1826	true
1827	false
1828	true
1829	true
1830	false
1831	false
1832	true
1833	false
1834	true
1835	true
1836	true
1837	true
1838	false
1839	false
1840	true
1841	true
1842	false
1843	false
1844	false
1845	true
1846	true
1847	true
1848	false
1849	true
1850	false
1851	true
1852	false
1853	false
1854	true
1855	false
1856	true
1857	true
1858	false
1859	false
1860	true
1861	false
1862	true
1863	true
1864	true
1865	false
1866	true
1867	false
1868	false
1869	false
1870	false
1871	true
1872	false
1873	false
1874	true
1875	false
1876	true
1877	false
1878	true
1879	true
1880	false
1881	false
1882	false
1883	false
1884	false
1885	false
1886	false
1887	false
1888	false
1889	false
1890	true
1891	false
1892	false
1893	true
1894	false
1895	true
1896	false
1897	false
1898	false
1899	false
1900	false
1901	false
1902	true
1903	true
1904	true
1905	true
1906	false
1907	false
1908	true
1909	false
1910	true
1911	false
1912	true
1913	true
1914	false
1915	false
1916	false
1917	false
1918	true
1919	true
1920	true
1921	true
1922	true
1923	true
1924	false
1925	true
1926	true
1927	true
1928	true
1929	false
1930	true
1931	true
1932	true
1933	false
1934	false
1935	false
1936	true
1937	true
1938	true
1939	false
1940	false
1941	false
1942	false
1943	false
1944	false
1945	true
1946	true
1947	true
1948	true
1949	false
1950	false
1951	true
1952	false
1953	true
1954	true
1955	true
1956	false
1957	false
1958	true
1959	true
1960	true
1961	true
1962	false
1963	true
1964	false
1965	true
1966	true
1967	true
1968	false
1969	false
1970	true
1971	false
1972	true
1973	true
1974	true
1975	false
1976	true
1977	false
1978	false
1979	true
1980	false
1981	true
1982	true
1983	false
1984	false
1985	true
1986	false
1987	true
1988	false
1989	true
1990	true
1991	false
1992	false
1993	false
1994	false
1995	true
1996	true
1997	false
1998	true
1999	false
2000	true
2001	false
2002	true
2003	false
2004	false
2005	true
2006	true
2007	false
2008	true
2009	true
2010	true
2011	true
2012	false
2013	true
2014	false
2015	true
2016	false
2017	false
2018	true
2019	true
2020	false
2021	false
2022	false
2023	false
2024	false
2025	true
2026	true
2027	false
2028	true
2029	true
2030	false
2031	false
2032	true
2033	true
2034	true
2035	true
2036	true
2037	false
2038	true
2039	true
2040	true
2041	false
2042	false
2043	true
2044	false
2045	false
2046	false
2047	true
2048	false
2049	true
2050	false
2051	true
2052	true
2053	true
2054	false
2055	false
2056	false
2057	false
2058	true
2059	false
2060	true
2061	true
2062	true
2063	true
2064	false
2065	true
2066	false
2067	true
2068	true
2069	true
2070	false
2071	true
2072	true
2073	false
2074	false
2075	true
2076	true
2077	true
2078	true
2079	true
2080	true
2081	false
2082	false
2083	false
2084	false
2085	true
2086	false
2087	false
2088	false
2089	false
2090	false
2091	false
2092	false
2093	true
2094	false
2095	true
2096	false
2097	true
2098	true
2099	true
2100	true
2101	false
2102	false
2103	false
2104	true
2105	false
2106	false
2107	true
2108	false
2109	true
2110	false
2111	true
2112	false
2113	false
2114	true
2115	false
2116	true
2117	true
2118	false
2119	false
2120	false
2121	true
2122	false
2123	true
2124	true
2125	false
2126	true
2127	false
2128	true
2129	true
2130	false
2131	false
2132	true
2133	false
2134	false
2135	true
2136	true
2137	false
2138	true
2139	false
2140	false
2141	false
2142	false
2143	false
2144	true
2145	false
2146	false
2147	false
2148	false
2149	false
2150	true
2151	true
2152	true
2153	false
2154	true
2155	true
2156	true
2157	true
2158	true
2159	true
2160	true
2161	false
2162	true
2163	false
2164	true
2165	true
2166	true
2167	false
2168	false
2169	true
2170	true
2171	false
2172	true
2173	true
2174	false
2175	false
2176	false
2177	true
2178	false
2179	false
2180	false
2181	true
2182	true
2183	false
2184	true
2185	false
2186	true
2187	false
2188	true
2189	false
2190	true
2191	true
2192	true
2193	true
2194	false
2195	false
2196	false
2197	true
2198	true
2199	true
2200	false
2201	false
2202	true
2203	false
2204	true
2205	true
2206	true
2207	true
2208	false
2209	true
2210	true
2211	true
2212	false
2213	false
2214	false
2215	false
2216	true
2217	false
2218	false
2219	true
2220	false
2221	true
2222	true
2223	false
2224	false
2225	false
2226	false
2227	true
2228	false
2229	false
2230	true
2231	true
2232	true
2233	true
2234	false
2235	true
2236	false
2237	true
2238	false
2239	true
2240	false
2241	false
2242	false
2243	false
2244	true
2245	false
2246	false
2247	true
2248	true
2249	false
2250	false
2251	false
2252	true
2253	false
2254	true
2255	false
2256	false
2257	false
2258	false
2259	false
2260	false
2261	false
2262	true
2263	false
2264	false
2265	false
2266	false
2267	true
2268	true
2269	false
2270	true
2271	true
2272	true
2273	false
2274	false
2275	true
2276	true
2277	false
2278	false
2279	true
2280	false
2281	false
2282	true
2283	true
2284	false
2285	true
2286	false
2287	true
2288	false
2289	false
2290	false
2291	false
2292	false
2293	true
2294	false
2295	false
2296	true
2297	false
2298	false
2299	true
2300	true
2301	false
2302	false
2303	false
2304	true
2305	false
2306	true
2307	false
2308	true
2309	true
2310	false
2311	false
2312	true
2313	false
2314	false
2315	true
2316	false
2317	false
2318	false
2319	true
2320	true
2321	true
2322	true
2323	true
2324	true
2325	false
2326	true
2327	false
2328	false
2329	true
2330	false
2331	true
2332	false
2333	false
2334	false
2335	false
2336	false
2337	false
2338	true
2339	false
2340	true
2341	false
2342	false
2343	true
2344	false
2345	true
2346	true
2347	true
2348	true
2349	true
2350	false
2351	false
2352	true
2353	true
2354	true
2355	false
2356	false
2357	false
2358	true
2359	false
2360	false
2361	true
2362	false
2363	false
2364	true
2365	true
2366	false
2367	true
2368	false
2369	true
2370	true
2371	false
2372	false
2373	true
2374	true
2375	true
2376	true
2377	false
2378	true
2379	true
2380	false
2381	false
2382	true
2383	true
2384	false
2385	true
2386	false
2387	false
2388	false
2389	true
2390	false
2391	true
2392	false
2393	true
2394	true
2395	false
2396	false
2397	true
2398	true
2399	true
2400	false
2401	true
2402	true
2403	false
2404	false
2405	false
2406	false
2407	true
2408	false
2409	true
2410	false
2411	false
2412	true
2413	true
2414	false
2415	true
2416	true
2417	true
2418	true
2419	true
2420	true
2421	true
2422	false
2423	false
2424	false
2425	false
2426	false
2427	true
2428	true
2429	false
2430	true
2431	true
2432	false
2433	false
2434	false
2435	true
2436	true
2437	true
2438	false
2439	false
2440	true
2441	false
2442	true
2443	false
2444	true
2445	true
2446	false
2447	true
2448	false
2449	true
2450	true
2451	false
2452	false
2453	false
2454	true
2455	true
2456	false
2457	true
2458	true
2459	false
2460	true
2461	false
2462	true
2463	false
2464	true
2465	false
2466	false
2467	false
2468	true
2469	true
2470	true
2471	false
2472	true
2473	true
2474	true
2475	true
2476	false
2477	false
2478	true
2479	true
2480	true
2481	false
2482	true
2483	false
2484	false
2485	false
2486	false
2487	false
2488	true
2489	true
2490	false
2491	true
2492	false
2493	false
2494	false
2495	true
2496	true
2497	true
2498	true
2499	false
2500	true
2501	false
2502	false
2503	true
2504	true
2505	true
2506	false
2507	false
2508	false
2509	false
2510	false
2511	true
2512	true
2513	true
2514	false
2515	false
2516	true
2517	false
2518	false
2519	true
2520	true
2521	false
2522	true
2523	true
2524	false
2525	true
2526	false
2527	true
2528	true
2529	false
2530	true
2531	false
2532	true
2533	true
2534	true
2535	true
2536	false
2537	true
2538	true
2539	false
2540	true
2541	false
2542	true
2543	true
2544	true
2545	false
2546	true
2547	false
2548	true
2549	true
2550	false
2551	false
2552	true
2553	true
2554	false
2555	true
2556	true
2557	false
2558	true
2559	false
2560	false
2561	false
2562	false
2563	false
2564	true
2565	true
2566	false
2567	false
2568	true
2569	true
2570	false
2571	true
2572	true
2573	true
2574	false
2575	false
2576	false
2577	true
2578	false
2579	false
2580	true
2581	true
2582	false
2583	false
2584	false
2585	true
2586	false
2587	false
2588	false
2589	false
2590	false
2591	false
2592	true
2593	true
2594	false
2595	true
2596	false
2597	false
2598	true
2599	true
2600	false
2601	true
2602	true
2603	false
2604	true
2605	false
2606	false
2607	true
2608	true
2609	true
2610	false
2611	false
2612	false
2613	false
2614	false
2615	true
2616	false
2617	false
2618	false
2619	false
2620	false
2621	true
2622	false
2623	true
2624	true
2625	true
2626	true
2627	true
2628	true
2629	true
2630	false
2631	false
2632	true
2633	true
2634	true
2635	false
2636	true
2637	true
2638	true
2639	true
2640	false
2641	false
2642	true
2643	false
2644	true
2645	false
2646	false
2647	true
2648	true
2649	true
2650	true
2651	false
2652	false
2653	true
2654	false
2655	true
2656	false
2657	false
2658	false
2659	false
2660	false
2661	true
2662	true
2663	true
2664	false
2665	false
2666	false
2667	true
2668	true
2669	false
2670	false
2671	false
2672	true
2673	false
2674	true
2675	true
2676	true
2677	true
2678	true
2679	true
2680	true
2681	false
2682	true
2683	false
2684	false
2685	false
2686	true
2687	false
2688	false
2689	true
2690	true
2691	false
2692	false
2693	true
2694	false
2695	true
2696	false
2697	true
2698	true
2699	false
2700	false
2701	true
2702	true
2703	false
2704	false
2705	true
2706	true
2707	true
2708	false
2709	false
2710	true
2711	false
2712	true
2713	false
2714	true
2715	true
2716	false
2717	true
2718	true
2719	true
2720	false
2721	true
2722	true
2723	false
2724	true
2725	false
2726	true
2727	true
2728	false
2729	true
2730	false
2731	true
2732	true
2733	true
2734	false
2735	true
2736	false
2737	true
2738	false
2739	true
2740	true
2741	true
2742	true
2743	false
2744	true
2745	false
2746	true
2747	true
2748	true
2749	true
2750	true
2751	true
2752	true
2753	true
2754	true
2755	false
2756	true
2757	false
2758	false
2759	false
2760	true
2761	false
2762	false
2763	true
2764	false
2765	false
2766	false
2767	false
2768	true
2769	false
2770	false
2771	false
2772	false
2773	false
2774	true
2775	false
2776	false
2777	false
2778	true
2779	false
2780	true
2781	false
2782	false
2783	false
2784	false
2785	true
2786	true
2787	true
2788	true
2789	true
2790	false
2791	false
2792	false
2793	false
2794	false
2795	false
2796	false
2797	true
2798	true
2799	true
2800	false
2801	true
2802	false
2803	true
2804	false
2805	true
2806	true
2807	true
2808	true
2809	true
2810	false
2811	true
2812	true
2813	true
2814	true
2815	false
2816	false
2817	true
2818	true
2819	true
2820	true
2821	true
2822	true
2823	true
2824	false
2825	true
2826	false
2827	false
2828	true
2829	false
2830	true
2831	false
2832	false
2833	true
2834	false
2835	true
2836	true
2837	false
2838	true
2839	false
2840	true
2841	true
2842	false
2843	true
2844	true
2845	false
2846	true
2847	true
2848	false
2849	false
2850	false
2851	false
2852	false
2853	true
2854	true
2855	false
2856	false
2857	false
2858	true
2859	true
2860	true
2861	false
2862	false
2863	true
2864	true
2865	false
2866	true
2867	false
2868	false
2869	true
2870	false
2871	true
2872	true
2873	false
2874	true
2875	true
2876	true
2877	true
2878	false
2879	false
2880	false
2881	false
2882	true
2883	false
2884	true
2885	false
2886	false
2887	false
2888	true
2889	false
2890	true
2891	false
2892	true
2893	false
2894	true
2895	true
2896	false
2897	true
2898	false
2899	false
2900	true
2901	false
2902	true
2903	true
2904	false
2905	false
2906	true
2907	true
2908	true
2909	false
2910	true
2911	true
2912	false
2913	true
2914	false
2915	true
2916	true
2917	false
2918	false
2919	true
2920	true
2921	true
2922	true
2923	true
2924	false
2925	false
2926	false
2927	true
2928	true
2929	false
2930	true
2931	false
2932	false
2933	false
2934	false
2935	true
2936	true
2937	true
2938	false
2939	false
2940	false
2941	true
2942	false
2943	true
2944	false
2945	true
2946	false
2947	false
2948	false
2949	false
2950	true
2951	true
2952	false
2953	false
2954	false
2955	true
2956	false
2957	false
2958	false
2959	false
2960	false
2961	true
2962	true
2963	true
2964	true
2965	true
2966	false
2967	true
2968	false
2969	true
2970	true
2971	true
2972	true
2973	true
2974	false
2975	true
2976	true
2977	false
2978	true
2979	false
2980	false
2981	true
2982	false
2983	false
2984	true
2985	false
2986	false
2987	true
2988	true
2989	true
2990	true
2991	false
2992	true
2993	true
2994	false
2995	false
2996	true
2997	false
2998	false
2999	true
3000	false
3001	false
3002	false
3003	false
3004	true
3005	false
3006	false
3007	true
3008	false
3009	true
3010	false
3011	false
3012	true
3013	true
3014	false
3015	true
3016	true
3017	false
3018	false
3019	true
3020	true
3021	true
3022	true
3023	true
3024	false
3025	true
3026	true
3027	true
3028	false
3029	false
3030	false
3031	false
3032	false
3033	true
3034	false
3035	false
3036	true
3037	true
3038	false
3039	false
3040	true
3041	false
3042	true
3043	false
3044	false
3045	false
3046	true
3047	false
3048	false
3049	false
3050	false
3051	false
3052	false
3053	true
3054	false
3055	true
3056	false
3057	true
3058	false
3059	false
3060	false
3061	true
3062	true
3063	false
3064	true
3065	true
3066	false
3067	true
3068	true
3069	false
3070	true
3071	false
3072	true
3073	false
3074	true
3075	true
3076	true
3077	true
3078	false
3079	false
3080	true
3081	true
3082	true
3083	false
3084	true
3085	false
3086	false
3087	false
3088	true
3089	true
3090	true
3091	false
3092	false
3093	false
3094	false
3095	true
3096	false
3097	true
3098	true
3099	true
3100	false
3101	false
3102	false
3103	false
3104	true
3105	true
3106	true
3107	false
3108	true
3109	true
3110	true
3111	false
3112	true
3113	false
3114	true
3115	true
3116	true
3117	false
3118	true
3119	true
3120	true
3121	false
3122	false
3123	true
3124	true
3125	false
3126	true
3127	false
3128	false
3129	true
3130	true
3131	true
3132	true
3133	true
3134	false
3135	false
3136	true
3137	true
3138	true
3139	false
3140	true
3141	false
3142	true
3143	true
3144	false
3145	true
3146	false
3147	true
3148	false
3149	false
3150	false
3151	false
3152	true
3153	true
3154	false
3155	true
3156	true
3157	true
3158	true
3159	true
3160	false
3161	true
3162	true
3163	true
3164	true
3165	true
3166	true
3167	false
3168	false
3169	true
3170	false
3171	false
3172	false
3173	false
3174	true
3175	false
3176	false
3177	false
3178	true
3179	true
3180	true
3181	false
3182	true
3183	false
3184	false
3185	true
3186	false
3187	true
3188	false
3189	false
3190	false
3191	true
3192	true
3193	true
3194	true
3195	true
3196	false
3197	false
3198	false
3199	false
3200	true
3201	true
3202	false
3203	false
3204	false
3205	false
3206	true
3207	false
3208	false
3209	true
3210	false
3211	false
3212	false
3213	true
3214	false
3215	false
3216	true
3217	true
3218	false
3219	true
3220	false
3221	false
3222	true
3223	false
3224	true
3225	true
3226	false
3227	false
3228	true
3229	true
3230	true
3231	false
3232	true
3233	false
3234	false
3235	false
3236	true
3237	false
3238	true
3239	true
3240	true
3241	true
3242	false
3243	false
3244	true
3245	true
3246	true
3247	true
3248	false
3249	true
3250	true
3251	false
3252	true
3253	true
3254	true
3255	true
3256	true
3257	true
3258	true
3259	false
3260	false
3261	false
3262	false
3263	false
3264	false
3265	true
3266	true
3267	true
3268	true
3269	false
3270	false
3271	true
3272	true
3273	true
3274	true
3275	true
3276	false
3277	false
3278	false
3279	false
3280	true
3281	false
3282	true
3283	false
3284	true
3285	false
3286	false
3287	false
3288	false
3289	true
3290	true
3291	true
3292	true
3293	false
3294	true
3295	false
3296	true
3297	true
3298	true
3299	false
3300	false
3301	true
3302	false
3303	true
3304	true
3305	false
3306	true
3307	true
3308	false
3309	true
3310	false
3311	false
3312	true
3313	false
3314	false
3315	true
3316	true
3317	false
3318	true
3319	true
3320	true
3321	false
3322	false
3323	false
3324	false
3325	false
3326	true
3327	false
3328	false
3329	true
3330	true
3331	false
3332	true
3333	true
3334	false
3335	false
3336	false
3337	false
3338	true
3339	false
3340	false
3341	false
3342	true
3343	true
3344	false
3345	true
3346	true
3347	true
3348	true
3349	false
3350	true
3351	true
3352	true
3353	true
3354	true
3355	true
3356	false
3357	true
3358	false
3359	false
3360	true
3361	true
3362	true
3363	true
3364	false
3365	true
3366	true
3367	true
3368	true
3369	true
3370	true
3371	false
3372	false
3373	false
3374	true
3375	false
3376	true
3377	true
3378	true
3379	true
3380	false
3381	false
3382	false
3383	false
3384	false
3385	true
3386	true
3387	true
3388	true
3389	false
3390	false
3391	true
3392	true
3393	true
3394	true
3395	true
3396	true
3397	false
3398	true
3399	true
3400	true
3401	false
3402	false
3403	false
3404	true
3405	false
3406	true
3407	true
3408	true
3409	true
3410	true
3411	true
3412	false
3413	true
3414	true
3415	true
3416	true
3417	true
3418	true
3419	false
3420	false
3421	false
3422	false
3423	false
3424	true
3425	true
3426	true
3427	true
3428	false
3429	false
3430	true
3431	true
3432	false
3433	true
3434	false
3435	false
3436	false
3437	false
3438	false
3439	false
3440	false
3441	true
3442	false
3443	true
3444	true
3445	true
3446	true
3447	false
3448	false
3449	false
3450	true
3451	false
3452	false
3453	true
3454	true
3455	false
3456	false
3457	false
3458	false
3459	true
3460	false
3461	true
3462	true
3463	true
3464	false
3465	false
3466	true
3467	true
3468	true
3469	false
3470	false
3471	true
3472	true
3473	true
3474	false
3475	true
3476	true
3477	false
3478	false
3479	true
3480	true
3481	false
3482	true
3483	false
3484	false
3485	false
3486	false
3487	false
3488	false
3489	false
3490	false
3491	true
3492	false
3493	false
3494	true
3495	true
3496	true
3497	true
3498	true
3499	true
3500	true
3501	false
3502	true
3503	false
3504	true
3505	false
3506	true
3507	true
3508	true
3509	false
3510	false
3511	true
3512	true
3513	false
3514	true
3515	false
3516	true
3517	true
3518	true
3519	false
3520	false
3521	true
3522	false
3523	true
3524	true
3525	true
3526	false
3527	true
3528	false
3529	false
3530	false
3531	false
3532	false
3533	false
3534	false
3535	true
3536	false
3537	true
3538	true
3539	false
3540	true
3541	true
3542	false
3543	true
3544	true
3545	true
3546	false
3547	false
3548	true
3549	true
3550	true
3551	true
3552	false
3553	true
3554	false
3555	true
3556	true
3557	true
3558	true
3559	false
3560	false
3561	false
3562	true
3563	false
3564	true
3565	false
3566	false
3567	true
3568	true
3569	true
3570	true
3571	false
3572	false
3573	false
3574	true
3575	false
3576	true
3577	true
3578	true
3579	true
3580	true
3581	true
3582	false
3583	true
3584	true
3585	false
3586	true
3587	false
3588	true
3589	false
3590	false
3591	true
3592	true
3593	true
3594	false
3595	false
3596	false
3597	true
3598	false
3599	true
3600	false
3601	false
3602	true
3603	false
3604	false
3605	true
3606	true
3607	false
3608	true
3609	true
3610	true
3611	true
3612	true
3613	false
3614	true
3615	false
3616	false
3617	false
3618	true
3619	true
3620	false
3621	true
3622	true
3623	false
3624	true
3625	true
3626	true
3627	false
3628	false
3629	false
3630	true
3631	true
3632	false
3633	false
3634	true
3635	true
3636	false
3637	false
3638	false
3639	true
3640	false
3641	true
3642	false
3643	false
3644	false
3645	false
3646	true
3647	true
3648	false
3649	true
3650	false
3651	true
3652	false
3653	false
3654	false
3655	false
3656	true
3657	false
3658	false
3659	true
3660	true
3661	false
3662	true
3663	true
3664	true
3665	false
3666	true
3667	false
3668	true
3669	true
3670	false
3671	true
3672	false
3673	true
3674	false
3675	true
3676	false
3677	true
3678	false
3679	false
3680	true
3681	true
3682	false
3683	false
3684	false
3685	true
3686	false
3687	false
3688	true
3689	true
3690	false
3691	true
3692	false
3693	false
3694	false
3695	true
3696	true
3697	false
3698	false
3699	true
3700	true
3701	false
3702	true
3703	true
3704	false
3705	true
3706	false
3707	false
3708	false
3709	false
3710	true
3711	false
3712	true
3713	false
3714	true
3715	true
3716	false
3717	false
3718	false
3719	false
3720	true
3721	true
3722	true
3723	true
3724	false
3725	false
3726	true
3727	false
3728	true
3729	true
3730	true
3731	true
3732	true
3733	false
3734	true
3735	false
3736	true
3737	false
3738	false
3739	true
3740	true
3741	false
3742	true
3743	true
3744	true
3745	false
3746	false
3747	false
3748	false
3749	false
3750	true
3751	false
3752	false
3753	false
3754	true
3755	true
3756	true
3757	false
3758	true
3759	true
3760	true
3761	false
3762	true
3763	true
3764	false
3765	false
3766	true
3767	true
3768	false
3769	true
3770	false
3771	true
3772	true
3773	false
3774	false
3775	false
3776	true
3777	false
3778	true
3779	false
3780	true
3781	true
3782	true
3783	false
3784	true
3785	false
3786	true
3787	true
3788	true
3789	true
3790	false
3791	false
3792	true
3793	false
3794	false
3795	false
3796	true
3797	true
3798	true
3799	true
3800	true
3801	true
3802	true
3803	true
3804	true
3805	true
3806	false
3807	false
3808	true
3809	true
3810	true
3811	true
3812	true
3813	true
3814	true
3815	false
3816	false
3817	true
3818	false
3819	false
3820	false
3821	false
3822	true
3823	true
3824	false
3825	false
3826	true
3827	true
3828	false
3829	false
3830	true
3831	true
3832	true
3833	true
3834	true
3835	false
3836	true
3837	true
3838	false
3839	false
3840	true
3841	false
3842	false
3843	true
3844	false
3845	false
3846	false
3847	false
3848	true
3849	false
3850	true
3851	false
3852	false
3853	true
3854	true
3855	false
3856	true
3857	true
3858	false
3859	false
3860	true
3861	false
3862	true
3863	false
3864	false
3865	true
3866	false
3867	true
3868	false
3869	true
3870	false
3871	false
3872	false
3873	false
3874	false
3875	false
3876	true
3877	false
3878	false
3879	false
3880	true
3881	false
3882	false
3883	true
3884	false
3885	false
3886	false
3887	false
3888	true
3889	true
3890	false
3891	false
3892	false
3893	false
3894	true
3895	false
3896	true
3897	true
3898	true
3899	false
3900	true
3901	true
3902	false
3903	true
3904	true
3905	true
3906	true
3907	true
3908	true
3909	false
3910	false
3911	true
3912	false
3913	false
3914	true
3915	true
3916	false
3917	true
3918	true
3919	true
3920	true
3921	true
3922	true
3923	true
3924	true
3925	false
3926	false
3927	true
3928	false
3929	true
3930	true
3931	false
3932	true
3933	true
3934	true
3935	true
3936	false
3937	true
3938	true
3939	false
3940	false
3941	false
3942	true
3943	false
3944	false
3945	true
3946	false
3947	true
3948	false
3949	false
3950	true
3951	true
3952	true
3953	false
3954	true
3955	true
3956	false
3957	true
3958	false
3959	false
3960	false
3961	true
3962	true
3963	true
3964	false
3965	false
3966	false
3967	false
3968	true
3969	false
3970	true
3971	true
3972	false
3973	false
3974	false
3975	false
3976	true
3977	true
3978	false
3979	true
3980	false
3981	false
3982	true
3983	false
3984	true
3985	true
3986	false
3987	false
3988	true
3989	true
3990	true
3991	false
3992	true
3993	false
3994	true
3995	true
3996	true
3997	false
3998	true
3999	false
4000	false
4001	false
4002	true
4003	true
4004	true
4005	true
4006	false
4007	true
4008	false
4009	true
4010	false
4011	false
4012	false
4013	true
4014	false
4015	false
4016	false
4017	true
4018	false
4019	false
4020	false
4021	false
4022	true
4023	false
4024	true
4025	false
4026	true
4027	true
4028	false
4029	false
4030	false
4031	true
4032	true
4033	false
4034	false
4035	true
4036	true
4037	false
4038	false
4039	false
4040	false
4041	true
4042	true
4043	true
4044	true
4045	true
4046	true
4047	true
4048	true
4049	true
4050	true
4051	true
4052	true
4053	true
4054	false
4055	false
4056	true
4057	false
4058	true
4059	true
4060	true
4061	false
4062	true
4063	false
4064	false
4065	true
4066	true
4067	false
4068	false
4069	false
4070	false
4071	false
4072	true
4073	true
4074	true
4075	true
4076	true
4077	false
4078	false
4079	true
4080	false
4081	false
4082	false
4083	false
4084	true
4085	true
4086	false
4087	false
4088	false
4089	false
4090	false
4091	true
4092	true
4093	false
4094	true
4095	false
4096	true
4097	true
4098	true
4099	false
4100	true
4101	false
4102	true
4103	false
4104	true
4105	false
4106	false
4107	false
4108	true
4109	true
4110	false
4111	true
4112	false
4113	false
4114	true
4115	true
4116	false
4117	false
4118	false
4119	false
4120	true
4121	true
4122	false
4123	false
4124	true
4125	true
4126	true
4127	false
4128	false
4129	false
4130	true
4131	false
4132	true
4133	false
4134	true
4135	true
4136	true
4137	true
4138	true
4139	true
4140	false
4141	true
4142	false
4143	false
4144	true
4145	true
4146	true
4147	true
4148	false
4149	true
4150	true
4151	false
4152	true
4153	false
4154	false
4155	true
4156	true
4157	true
4158	true
4159	false
4160	true
4161	false
4162	true
4163	true
4164	true
4165	true
4166	true
4167	true
4168	false
4169	true
4170	false
4171	false
4172	true
4173	false
4174	false
4175	false
4176	false
4177	false
4178	false
4179	false
4180	true
4181	false
4182	true
4183	false
4184	false
4185	true
4186	true
4187	true
4188	true
4189	true
4190	false
4191	true
4192	true
4193	false
4194	false
4195	false
4196	true
4197	false
4198	true
4199	false
4200	false
4201	true
4202	false
4203	false
4204	true
4205	false
4206	false
4207	true
4208	false
4209	false
4210	true
4211	true
4212	true
4213	false
4214	true
4215	false
4216	true
4217	false
4218	false
4219	false
4220	false
4221	true
4222	false
4223	true
4224	true
4225	true
4226	false
4227	false
4228	false
4229	false
4230	true
4231	false
4232	true
4233	true
4234	true
4235	false
4236	false
4237	false
4238	true
4239	true
4240	false
4241	true
4242	true
4243	false
4244	false
4245	false
4246	false
4247	false
4248	false
4249	true
4250	true
4251	true
4252	false
4253	true
4254	true
4255	true
4256	true
4257	true
4258	true
4259	true
4260	false
4261	false
4262	false
4263	true
4264	true
4265	true
4266	false
4267	true
4268	false
4269	true
4270	false
4271	true
4272	false
4273	true
4274	true
4275	true
4276	false
4277	true
4278	true
4279	false
4280	false
4281	false
4282	false
4283	false
4284	false
4285	true
4286	true
4287	false
4288	true
4289	false
4290	true
4291	true
4292	true
4293	true
4294	false
4295	false
4296	true
4297	false
4298	false
4299	true
4300	false
4301	false
4302	true
4303	true
4304	true
4305	true
4306	false
4307	false
4308	false
4309	false
4310	true
4311	false
4312	true
4313	false
4314	true
4315	false
4316	false
4317	true
4318	true
4319	false
4320	true
4321	true
4322	true
4323	true
4324	true
4325	false
4326	false
4327	false
4328	true
4329	false
4330	false
4331	false
4332	true
4333	false
4334	true
4335	false
4336	true
4337	false
4338	true
4339	true
4340	true
4341	true
4342	true
4343	true
4344	false
4345	true
4346	false
4347	true
4348	false
4349	false
4350	false
4351	true
4352	true
4353	false
4354	false
4355	true
4356	false
4357	true
4358	false
4359	true
4360	true
4361	false
4362	true
4363	true
4364	false
4365	false
4366	false
4367	true
4368	true
4369	false
4370	false
4371	false
4372	false
4373	false
4374	false
4375	true
4376	true
4377	true
4378	true
4379	true
4380	false
4381	false
4382	false
4383	false
4384	true
4385	false
4386	true
4387	false
4388	false
4389	false
4390	false
4391	false
4392	true
4393	false
4394	true
4395	false
4396	false
4397	false
4398	true
4399	false
4400	false
4401	true
4402	true
4403	false
4404	true
4405	false
4406	true
4407	false
4408	false
4409	false
4410	true
4411	false
4412	true
4413	true
4414	true
4415	true
4416	true
4417	false
4418	false
4419	false
4420	false
4421	true
4422	false
4423	false
4424	true
4425	true
4426	true
4427	false
4428	true
4429	true
4430	true
4431	false
4432	false
4433	false
4434	false
4435	false
4436	false
4437	false
4438	true
4439	false
4440	false
4441	true
4442	true
4443	true
4444	false
4445	false
4446	true
4447	true
4448	false
4449	false
4450	false
4451	false
4452	true
4453	true
4454	false
4455	false
4456	false
4457	false
4458	false
4459	false
4460	true
4461	false
4462	false
4463	false
4464	false
4465	false
4466	false
4467	false
4468	false
4469	false
4470	true
4471	false
4472	false
4473	true
4474	false
4475	true
4476	true
4477	false
4478	true
4479	true
4480	false
4481	false
4482	true
4483	true
4484	true
4485	false
4486	true
4487	true
4488	true
4489	false
4490	false
4491	true
4492	false
4493	false
4494	true
4495	true
4496	true
4497	true
4498	false
4499	false
4500	true
4501	true
4502	true
4503	false
4504	false
4505	false
4506	false
4507	true
4508	false
4509	true
4510	false
4511	false
4512	false
4513	false
4514	false
4515	true
4516	false
4517	true
4518	true
4519	false
4520	false
4521	false
4522	false
4523	true
4524	false
4525	true
4526	false
4527	false
4528	true
4529	true
4530	false
4531	false
4532	false
4533	false
4534	false
4535	true
4536	true
4537	false
4538	true
4539	false
4540	false
4541	true
4542	true
4543	true
4544	true
4545	true
4546	false
4547	false
4548	false
4549	false
4550	false
4551	false
4552	false
4553	true
4554	true
4555	false
4556	true
4557	false
4558	true
4559	true
4560	false
4561	false
4562	false
4563	true
4564	false
4565	false
4566	true
4567	false
4568	true
4569	true
4570	false
4571	false
4572	true
4573	false
4574	false
4575	false
4576	true
4577	true
4578	false
4579	true
4580	true
4581	true
4582	true
4583	false
4584	true
4585	true
4586	true
4587	false
4588	false
4589	false
4590	false
4591	true
4592	false
4593	false
4594	false
4595	true
4596	true
4597	false
4598	true
4599	false
4600	true
4601	false
4602	true
4603	true
4604	false
4605	false
4606	true
4607	false
4608	false
4609	true
4610	false
4611	true
4612	true
4613	true
4614	true
4615	true
4616	true
4617	false
4618	false
4619	true
4620	false
4621	false
4622	true
4623	true
4624	true
4625	false
4626	false
4627	false
4628	true
4629	false
4630	true
4631	true
4632	true
4633	false
4634	true
4635	true
4636	false
4637	true
4638	false
4639	true
4640	true
4641	false
4642	true
4643	false
4644	false
4645	false
4646	false
4647	true
4648	false
4649	false
4650	true
4651	false
4652	false
4653	false
4654	true
4655	false
4656	true
4657	true
4658	true
4659	true
4660	false
4661	true
4662	true
4663	false
4664	true
4665	true
4666	false
4667	true
4668	true
4669	false
4670	false
4671	false
4672	false
4673	true
4674	false
4675	true
4676	true
4677	false
4678	false
4679	true
4680	false
4681	true
4682	false
4683	false
4684	false
4685	true
4686	false
4687	true
4688	true
4689	false
4690	false
4691	false
4692	true
4693	false
4694	true
4695	true
4696	false
4697	true
4698	false
4699	false
4700	true
4701	false
4702	false
4703	true
4704	true
4705	false
4706	true
4707	false
4708	false
4709	false
4710	false
4711	false
4712	true
4713	false
4714	false
4715	false
4716	true
4717	true
4718	true
4719	false
4720	true
4721	false
4722	true
4723	true
4724	false
4725	true
4726	false
4727	true
4728	false
4729	false
4730	true
4731	true
4732	false
4733	true
4734	true
4735	true
4736	false
4737	false
4738	true
4739	true
4740	false
4741	false
4742	true
4743	false
4744	true
4745	false
4746	true
4747	true
4748	false
4749	false
4750	false
4751	true
4752	true
4753	true
4754	true
4755	true
4756	false
4757	false
4758	false
4759	true
4760	true
4761	false
4762	true
4763	true
4764	false
4765	false
4766	false
4767	false
4768	false
4769	true
4770	true
4771	false
4772	false
4773	true
4774	false
4775	true
4776	false
4777	false
4778	false
4779	false
4780	true
4781	false
4782	false
4783	true
4784	true
4785	false
4786	true
4787	false
4788	true
4789	false
4790	true
4791	true
4792	true
4793	true
4794	false
4795	false
4796	false
4797	true
4798	false
4799	false
4800	true
4801	true
4802	false
4803	true
4804	true
4805	false
4806	true
4807	true
4808	false
4809	false
4810	false
4811	true
4812	true
4813	false
4814	false
4815	true
4816	false
4817	false
4818	true
4819	true
4820	false
4821	true
4822	true
4823	false
4824	false
4825	false
4826	true
4827	false
4828	false
4829	false
4830	false
4831	false
4832	false
4833	false
4834	false
4835	false
4836	true
4837	false
4838	true
4839	true
4840	true
4841	true
4842	false
4843	true
4844	false
4845	true
4846	true
4847	true
4848	true
4849	true
4850	false
4851	false
4852	true
4853	true
4854	false
4855	true
4856	false
4857	false
4858	true
4859	false
4860	true
4861	true
4862	true
4863	true
4864	false
4865	true
4866	true
4867	false
4868	false
4869	true
4870	true
4871	false
4872	false
4873	false
4874	true
4875	true
4876	false
4877	true
4878	true
4879	true
4880	true
4881	true
4882	true
4883	true
4884	false
4885	true
4886	false
4887	true
4888	true
4889	true
4890	false
4891	true
4892	false
4893	false
4894	false
4895	true
4896	false
4897	false
4898	true
4899	false
4900	false
4901	true
4902	false
4903	true
4904	false
4905	false
4906	true
4907	true
4908	true
4909	true
4910	false
4911	false
4912	false
4913	true
4914	false
4915	false
4916	false
4917	true
4918	false
4919	false
4920	true
4921	false
4922	false
4923	false
4924	false
4925	false
4926	true
4927	false
4928	false
4929	false
4930	true
4931	false
4932	true
4933	false
4934	true
4935	false
4936	true
4937	true
4938	false
4939	false
4940	false
4941	true
4942	true
4943	true
4944	false
4945	false
4946	false
4947	true
4948	true
4949	true
4950	true
4951	false
4952	false
4953	true
4954	false
4955	false
4956	true
4957	true
4958	false
4959	true
4960	false
4961	false
4962	false
4963	false
4964	false
4965	false
4966	true
4967	false
4968	true
4969	false
4970	false
4971	false
4972	false
4973	true
4974	true
4975	false
4976	false
4977	false
4978	false
4979	false
4980	true
4981	true
4982	true
4983	true
4984	true
4985	false
4986	true
4987	true
4988	true
4989	false
4990	false
4991	true
4992	false
4993	false
4994	false
4995	false
4996	true
4997	false
4998	false
4999	false
