0,3,true
0,8,true
0,9,true
0,12,true
0,14,true
0,16,true
0,17,true
0,18,true
0,21,true
0,22,true
0,25,true
0,26,true
0,27,true
0,28,true
0,29,true
0,32,true
0,33,true
0,34,true
0,37,true
0,38,true
0,39,true
0,40,true
0,41,true
0,45,true
0,47,true
0,48,true
0,53,true
0,54,true
0,55,true
0,57,true
0,59,true
0,62,true
0,63,true
0,64,true
0,66,true
0,67,true
0,69,true
0,72,true
0,73,true
0,74,true
0,75,true
0,76,true
0,77,true
0,78,true
0,81,true
0,82,true
0,83,true
0,84,true
0,85,true
0,89,true
0,90,true
0,92,true
0,93,true
0,94,true
0,95,true
0,96,true
0,98,true
0,99,true
0,100,true
0,103,true
0,104,true
0,110,true
0,111,true
0,113,true
0,114,true
0,115,true
0,117,true
0,118,true
0,126,true
0,128,true
0,130,true
0,131,true
0,132,true
0,135,true
0,136,true
0,137,true
0,138,true
0,140,true
0,142,true
0,143,true
0,144,true
0,145,true
0,146,true
0,148,true
0,155,true
0,157,true
0,158,true
0,159,true
0,160,true
0,161,true
0,162,true
0,163,true
0,165,true
0,167,true
0,168,true
0,169,true
0,170,true
0,171,true
0,174,true
0,175,true
0,178,true
0,182,true
0,183,true
0,184,true
0,185,true
0,186,true
0,188,true
0,190,true
0,192,true
0,195,true
0,198,true
0,200,true
0,201,true
0,203,true
0,204,true
0,205,true
0,208,true
0,209,true
0,210,true
0,211,true
0,213,true
0,214,true
0,216,true
0,219,true
0,221,true
0,224,true
0,228,true
0,230,true
0,232,true
0,233,true
0,235,true
0,236,true
0,237,true
0,238,true
0,239,true
0,242,true
0,245,true
0,246,true
0,252,true
0,253,true
0,254,true
0,255,true
0,257,true
0,259,true
0,260,true
0,264,true
0,267,true
0,268,true
0,269,true
0,270,true
0,272,true
0,273,true
0,274,true
0,276,true
0,277,true
0,278,true
0,279,true
0,281,true
0,282,true
0,283,true
0,284,true
0,285,true
0,286,true
0,287,true
0,289,true
0,290,true
0,291,true
0,294,true
0,298,true
0,299,true
0,301,true
0,303,true
0,305,true
0,307,true
0,310,true
0,311,true
0,312,true
0,314,true
0,315,true
0,316,true
0,317,true
0,318,true
0,320,true
0,321,true
0,322,true
0,323,true
0,324,true
0,325,true
0,326,true
0,327,true
0,328,true
0,330,true
0,334,true
0,336,true
0,337,true
0,338,true
0,340,true
0,342,true
0,344,true
0,348,true
0,350,true
0,351,true
0,352,true
0,354,true
0,355,true
0,357,true
0,359,true
0,361,true
0,362,true
0,363,true
0,364,true
0,365,true
0,367,true
0,368,true
0,369,true
0,370,true
0,372,true
0,374,true
0,377,true
0,379,true
0,382,true
0,383,true
0,384,true
0,388,true
0,394,true
0,397,true
0,400,true
0,402,true
0,403,true
0,405,true
0,406,true
0,408,true
0,410,true
0,415,true
0,416,true
0,417,true
0,419,true
0,423,true
0,424,true
0,425,true
0,426,true
0,429,true
0,434,true
0,435,true
0,436,true
0,438,true
0,439,true
0,440,true
0,441,true
0,447,true
0,450,true
0,453,true
0,454,true
0,455,true
0,456,true
0,459,true
0,460,true
0,461,true
0,462,true
0,463,true
0,465,true
0,469,true
0,470,true
0,471,true
0,472,true
0,473,true
0,476,true
0,479,true
0,481,true
0,482,true
0,484,true
0,486,true
0,487,true
0,489,true
0,490,true
0,492,true
0,493,true
0,494,true
0,495,true
0,496,true
0,497,true
0,500,true
0,504,true
0,505,true
0,507,true
0,509,true
0,515,true
0,519,true
0,520,true
0,521,true
0,522,true
0,524,true
0,525,true
0,526,true
0,533,true
0,535,true
0,536,true
0,550,true
0,551,true
0,554,true
0,555,true
0,556,true
0,560,true
0,567,true
0,573,true
0,575,true
0,576,true
0,578,true
0,582,true
0,586,true
0,588,true
0,589,true
0,590,true
0,591,true
0,598,true
0,604,true
0,608,true
0,609,true
0,610,true
0,611,true
0,612,true
0,616,true
0,620,true
0,622,true
0,625,true
0,627,true
0,629,true
0,630,true
0,632,true
0,636,true
0,639,true
0,640,true
0,643,true
0,649,true
0,650,true
0,651,true
0,659,true
0,660,true
0,664,true
0,668,true
0,669,true
0,670,true
0,672,true
0,673,true
0,676,true
0,679,true
0,680,true
0,682,true
0,683,true
0,684,true
0,685,true
0,687,true
0,688,true
0,690,true
0,691,true
0,693,true
0,696,true
0,697,true
0,699,true
0,704,true
0,705,true
0,706,true
0,708,true
0,709,true
0,712,true
0,714,true
0,715,true
0,716,true
0,717,true
0,719,true
0,721,true
0,724,true
0,725,true
0,727,true
0,728,true
0,730,true
0,732,true
0,733,true
0,734,true
0,736,true
0,738,true
0,739,true
0,740,true
0,741,true
0,742,true
0,743,true
0,745,true
0,746,true
0,750,true
0,751,true
0,752,true
0,753,true
0,754,true
0,758,true
0,763,true
0,764,true
0,765,true
0,766,true
0,769,true
0,770,true
0,771,true
0,773,true
0,775,true
0,778,true
0,779,true
0,782,true
0,783,true
0,784,true
0,785,true
0,787,true
0,789,true
0,790,true
0,791,true
0,792,true
0,795,true
0,796,true
0,798,true
0,799,true
0,800,true
0,801,true
0,802,true
0,804,true
0,805,true
0,807,true
0,808,true
0,811,true
0,812,true
0,815,true
0,816,true
0,818,true
0,819,true
0,820,true
0,821,true
0,822,true
0,827,true
0,832,true
0,833,true
0,837,true
0,838,true
0,840,true
0,841,true
0,845,true
0,846,true
0,849,true
0,852,true
0,856,true
0,858,true
0,859,true
0,860,true
0,861,true
0,865,true
0,866,true
0,869,true
0,870,true
0,871,true
0,872,true
0,875,true
0,876,true
0,879,true
0,883,true
0,885,true
0,888,true
0,889,true
0,890,true
0,891,true
0,893,true
0,894,true
0,897,true
0,901,true
0,904,true
0,905,true
0,907,true
0,911,true
0,912,true
0,913,true
0,914,true
0,915,true
0,916,true
0,924,true
0,926,true
0,927,true
0,929,true
0,930,true
0,931,true
0,936,true
0,937,true
0,939,true
0,941,true
0,942,true
0,944,true
0,945,true
0,948,true
0,949,true
0,950,true
0,951,true
0,952,true
0,953,true
0,957,true
0,959,true
0,960,true
0,962,true
0,965,true
0,966,true
0,968,true
0,969,true
0,971,true
0,972,true
0,974,true
0,975,true
0,976,true
0,978,true
0,979,true
0,984,true
0,985,true
0,989,true
0,990,true
0,991,true
0,992,true
0,993,true
0,994,true
0,995,true
0,997,true
0,1000,true
0,1003,true
0,1005,true
0,1009,true
0,1013,true
0,1014,true
0,1015,true
0,1017,true
0,1018,true
0,1020,true
0,1025,true
0,1026,true
0,1029,true
0,1030,true
0,1031,true
0,1033,true
0,1035,true
0,1036,true
0,1038,true
0,1039,true
0,1042,true
0,1045,true
0,1046,true
0,1048,true
0,1052,true
0,1053,true
0,1054,true
0,1055,true
0,1058,true
0,1059,true
0,1062,true
0,1064,true
0,1066,true
0,1067,true
0,1069,true
0,1073,true
0,1074,true
0,1075,true
0,1077,true
0,1079,true
0,1081,true
0,1085,true
0,1090,true
0,1093,true
0,1094,true
0,1095,true
0,1097,true
0,1098,true
0,1101,true
0,1102,true
0,1105,true
0,1107,true
0,1110,true
0,1112,true
0,1119,true
0,1121,true
0,1124,true
0,1125,true
0,1128,true
0,1129,true
0,1132,true
0,1133,true
0,1134,true
0,1135,true
0,1136,true
0,1137,true
0,1147,true
0,1148,true
0,1150,true
0,1153,true
0,1157,true
0,1160,true
0,1162,true
0,1163,true
0,1165,true
0,1166,true
0,1167,true
0,1173,true
0,1174,true
0,1175,true
0,1176,true
0,1177,true
0,1178,true
0,1180,true
0,1181,true
0,1183,true
0,1185,true
0,1186,true
0,1193,true
0,1194,true
0,1195,true
0,1196,true
0,1198,true
0,1202,true
0,1204,true
0,1206,true
0,1210,true
0,1211,true
0,1212,true
0,1214,true
0,1218,true
0,1219,true
0,1222,true
0,1223,true
0,1225,true
0,1229,true
0,1231,true
0,1232,true
0,1233,true
0,1237,true
0,1238,true
0,1240,true
0,1241,true
0,1244,true
0,1246,true
0,1248,true
0,1249,true
0,1250,true
0,1252,true
0,1253,true
0,1254,true
0,1255,true
0,1256,true
0,1257,true
0,1259,true
0,1260,true
0,1261,true
0,1263,true
0,1265,true
0,1266,true
0,1271,true
0,1274,true
0,1275,true
0,1276,true
0,1277,true
0,1279,true
0,1284,true
0,1286,true
0,1287,true
0,1288,true
0,1289,true
0,1290,true
0,1291,true
0,1295,true
0,1296,true
0,1298,true
0,1299,true
0,1301,true
0,1302,true
0,1303,true
0,1304,true
0,1305,true
0,1306,true
0,1307,true
0,1309,true
0,1312,true
0,1313,true
0,1315,true
0,1316,true
0,1317,true
0,1319,true
0,1321,true
0,1327,true
0,1329,true
0,1331,true
0,1332,true
0,1333,true
0,1334,true
0,1335,true
0,1337,true
0,1338,true
0,1339,true
0,1341,true
0,1343,true
0,1344,true
0,1347,true
0,1348,true
0,1351,true
0,1352,true
0,1354,true
0,1357,true
0,1361,true
0,1363,true
0,1364,true
0,1365,true
0,1368,true
0,1370,true
0,1373,true
0,1375,true
0,1378,true
0,1379,true
0,1380,true
0,1381,true
0,1382,true
0,1383,true
0,1384,true
0,1385,true
0,1386,true
0,1389,true
0,1390,true
0,1391,true
0,1392,true
0,1395,true
0,1398,true
0,1399,true
0,1403,true
0,1404,true
0,1405,true
0,1407,true
0,1412,true
0,1414,true
0,1415,true
0,1416,true
0,1418,true
0,1419,true
0,1420,true
0,1422,true
0,1424,true
0,1426,true
0,1428,true
0,1429,true
0,1430,true
0,1431,true
0,1433,true
0,1434,true
0,1435,true
0,1436,true
0,1437,true
0,1445,true
0,1446,true
0,1447,true
0,1448,true
0,1449,true
0,1450,true
0,1453,true
0,1455,true
0,1456,true
0,1457,true
0,1459,true
0,1460,true
0,1461,true
0,1462,true
0,1463,true
0,1466,true
0,1467,true
0,1469,true
0,1471,true
0,1472,true
0,1474,true
0,1475,true
0,1476,true
0,1478,true
0,1480,true
0,1483,true
0,1487,true
0,1488,true
0,1491,true
0,1496,true
0,1497,true
0,1499,true
0,1501,true
0,1504,true
0,1505,true
0,1506,true
0,1507,true
0,1510,true
0,1511,true
0,1512,true
0,1513,true
0,1514,true
0,1515,true
0,1519,true
0,1522,true
0,1524,true
0,1525,true
0,1526,true
0,1529,true
0,1531,true
0,1534,true
0,1535,true
0,1536,true
0,1539,true
0,1543,true
0,1544,true
0,1549,true
0,1551,true
0,1552,true
0,1553,true
0,1554,true
0,1556,true
0,1559,true
0,1561,true
0,1563,true
0,1564,true
0,1565,true
0,1566,true
0,1568,true
0,1573,true
0,1574,true
0,1575,true
0,1577,true
0,1580,true
0,1583,true
0,1584,true
0,1586,true
0,1588,true
0,1589,true
0,1591,true
0,1596,true
0,1597,true
0,1598,true
0,1599,true
0,1600,true
0,1601,true
0,1603,true
0,1605,true
0,1606,true
0,1608,true
0,1610,true
0,1611,true
0,1614,true
0,1615,true
0,1617,true
0,1621,true
0,1623,true
0,1626,true
0,1628,true
0,1631,true
0,1632,true
0,1633,true
0,1635,true
0,1638,true
0,1639,true
0,1644,true
0,1647,true
0,1651,true
0,1652,true
0,1653,true
0,1655,true
0,1656,true
0,1659,true
0,1663,true
0,1665,true
0,1667,true
0,1669,true
0,1674,true
0,1681,true
0,1682,true
0,1684,true
0,1686,true
0,1687,true
0,1689,true
0,1692,true
0,1698,true
0,1699,true
0,1700,true
0,1702,true
0,1705,true
0,1706,true
0,1707,true
0,1712,true
0,1714,true
0,1715,true
0,1716,true
0,1717,true
0,1718,true
0,1721,true
0,1723,true
0,1724,true
0,1725,true
0,1726,true
0,1727,true
0,1729,true
0,1731,true
0,1732,true
0,1733,true
0,1734,true
0,1736,true
0,1738,true
0,1739,true
0,1741,true
0,1744,true
0,1747,true
0,1748,true
0,1751,true
0,1752,true
0,1754,true
0,1755,true
0,1759,true
0,1761,true
0,1764,true
0,1770,true
0,1772,true
0,1779,true
0,1780,true
0,1784,true
0,1785,true
0,1786,true
0,1789,true
0,1790,true
0,1791,true
0,1794,true
0,1796,true
0,1798,true
0,1799,true
0,1801,true
0,1804,true
0,1805,true
0,1806,true
0,1809,true
0,1812,true
0,1813,true
0,1815,true
0,1817,true
0,1818,true
0,1819,true
0,1821,true
0,1822,true
0,1826,true
0,1830,true
0,1831,true
0,1836,true
0,1837,true
0,1838,true
0,1840,true
0,1841,true
0,1842,true
0,1843,true
0,1844,true
0,1845,true
0,1846,true
0,1847,true
0,1849,true
0,1850,true
0,1851,true
0,1853,true
0,1854,true
0,1855,true
0,1858,true
0,1860,true
0,1861,true
0,1862,true
0,1864,true
0,1866,true
0,1867,true
0,1871,true
0,1873,true
0,1874,true
0,1876,true
0,1882,true
0,1884,true
0,1885,true
0,1887,true
0,1889,true
0,1891,true
0,1894,true
0,1896,true
0,1900,true
0,1902,true
0,1903,true
0,1905,true
0,1909,true
0,1910,true
0,1911,true
0,1913,true
0,1914,true
0,1919,true
0,1920,true
0,1921,true
0,1922,true
0,1924,true
0,1925,true
0,1926,true
0,1927,true
0,1928,true
0,1929,true
0,1930,true
0,1931,true
0,1936,true
0,1937,true
0,1939,true
0,1942,true
0,1945,true
0,1946,true
0,1947,true
0,1948,true
0,1950,true
0,1952,true
0,1954,true
0,1957,true
0,1959,true
0,1961,true
0,1963,true
0,1964,true
0,1968,true
0,1971,true
0,1975,true
0,1977,true
0,1978,true
0,1979,true
0,1981,true
0,1982,true
0,1983,true
0,1984,true
0,1986,true
0,1987,true
0,1988,true
0,1990,true
0,1991,true
0,1992,true
0,1993,true
0,1994,true
0,1995,true
0,1998,true
0,2001,true
0,2002,true
0,2003,true
0,2004,true
0,2005,true
0,2006,true
0,2008,true
0,2011,true
0,2012,true
0,2014,true
0,2015,true
0,2016,true
0,2019,true
0,2022,true
0,2025,true
0,2026,true
0,2028,true
0,2029,true
0,2031,true
0,2033,true
0,2037,true
0,2041,true
0,2042,true
0,2043,true
0,2045,true
0,2048,true
0,2049,true
0,2053,true
0,2056,true
0,2059,true
0,2060,true
0,2064,true
0,2068,true
0,2070,true
0,2071,true
0,2073,true
0,2074,true
0,2077,true
0,2079,true
0,2080,true
0,2081,true
0,2085,true
0,2086,true
0,2087,true
0,2089,true
0,2091,true
0,2093,true
0,2094,true
0,2097,true
0,2098,true
0,2099,true
0,2100,true
0,2103,true
0,2105,true
0,2108,true
0,2114,true
0,2115,true
0,2118,true
0,2120,true
0,2121,true
0,2122,true
0,2123,true
0,2124,true
0,2127,true
0,2128,true
0,2130,true
0,2131,true
0,2134,true
0,2139,true
0,2141,true
0,2142,true
0,2143,true
0,2144,true
0,2147,true
0,2149,true
0,2150,true
0,2153,true
0,2155,true
0,2158,true
0,2159,true
0,2163,true
0,2164,true
0,2165,true
0,2166,true
0,2167,true
0,2170,true
0,2172,true
0,2173,true
0,2177,true
0,2179,true
0,2181,true
0,2183,true
0,2184,true
0,2185,true
0,2187,true
0,2189,true
0,2190,true
0,2191,true
0,2193,true
0,2195,true
0,2196,true
0,2197,true
0,2198,true
0,2201,true
0,2207,true
0,2208,true
0,2209,true
0,2211,true
0,2215,true
0,2216,true
0,2217,true
0,2219,true
0,2221,true
0,2222,true
0,2223,true
0,2224,true
0,2225,true
0,2226,true
0,2233,true
0,2234,true
0,2236,true
0,2238,true
0,2240,true
0,2242,true
0,2243,true
0,2245,true
0,2247,true
0,2248,true
0,2250,true
0,2255,true
0,2258,true
0,2260,true
0,2261,true
0,2263,true
0,2264,true
0,2265,true
0,2266,true
0,2268,true
0,2269,true
0,2270,true
0,2271,true
0,2272,true
0,2275,true
0,2279,true
0,2281,true
0,2283,true
0,2289,true
0,2291,true
0,2294,true
0,2299,true
0,2301,true
0,2302,true
0,2303,true
0,2307,true
0,2310,true
0,2312,true
0,2315,true
0,2316,true
0,2318,true
0,2319,true
0,2320,true
0,2321,true
0,2323,true
0,2324,true
0,2326,true
0,2327,true
0,2329,true
0,2332,true
0,2333,true
0,2336,true
0,2337,true
0,2341,true
0,2342,true
0,2346,true
0,2347,true
0,2348,true
0,2349,true
0,2351,true
0,2352,true
0,2354,true
0,2360,true
0,2361,true
0,2362,true
0,2363,true
0,2364,true
0,2365,true
0,2366,true
0,2370,true
0,2372,true
0,2373,true
0,2380,true
0,2381,true
0,2382,true
0,2384,true
0,2385,true
0,2387,true
0,2390,true
0,2391,true
0,2394,true
0,2395,true
0,2397,true
0,2408,true
0,2410,true
0,2411,true
0,2412,true
0,2413,true
0,2414,true
0,2417,true
0,2418,true
0,2421,true
0,2422,true
0,2423,true
0,2424,true
0,2425,true
0,2429,true
0,2430,true
0,2431,true
0,2433,true
0,2435,true
0,2436,true
0,2438,true
0,2439,true
0,2440,true
0,2441,true
0,2443,true
0,2447,true
0,2448,true
0,2450,true
0,2455,true
0,2456,true
0,2458,true
0,2459,true
0,2462,true
0,2463,true
0,2465,true
0,2468,true
0,2470,true
0,2471,true
0,2473,true
0,2477,true
0,2478,true
0,2482,true
0,2483,true
0,2487,true
0,2490,true
0,2495,true
0,2496,true
0,2497,true
0,2498,true
0,2499,true
0,2500,true
0,2501,true
0,2502,true
0,2505,true
0,2510,true
0,2513,true
0,2519,true
0,2522,true
0,2524,true
0,2526,true
0,2528,true
0,2530,true
0,2531,true
0,2533,true
0,2534,true
0,2536,true
0,2537,true
0,2543,true
0,2545,true
0,2548,true
0,2549,true
0,2554,true
0,2563,true
0,2565,true
0,2567,true
0,2568,true
0,2570,true
0,2573,true
0,2577,true
0,2578,true
0,2579,true
0,2582,true
0,2583,true
0,2586,true
0,2588,true
0,2590,true
0,2593,true
0,2594,true
0,2595,true
0,2596,true
0,2604,true
0,2606,true
0,2608,true
0,2609,true
0,2610,true
0,2611,true
0,2612,true
0,2614,true
0,2619,true
0,2621,true
0,2622,true
0,2623,true
0,2624,true
0,2625,true
0,2626,true
0,2627,true
0,2628,true
0,2631,true
0,2635,true
0,2638,true
0,2639,true
0,2641,true
0,2642,true
0,2643,true
0,2644,true
0,2646,true
0,2648,true
0,2650,true
0,2651,true
0,2652,true
0,2654,true
0,2655,true
0,2657,true
0,2659,true
0,2660,true
0,2662,true
0,2664,true
0,2665,true
0,2666,true
0,2667,true
0,2670,true
0,2675,true
0,2676,true
0,2677,true
0,2679,true
0,2682,true
0,2683,true
0,2685,true
0,2686,true
0,2690,true
0,2691,true
0,2692,true
0,2695,true
0,2696,true
0,2700,true
0,2701,true
0,2702,true
0,2703,true
0,2704,true
0,2706,true
0,2707,true
0,2710,true
0,2711,true
0,2712,true
0,2713,true
0,2714,true
0,2715,true
0,2716,true
0,2717,true
0,2718,true
0,2722,true
0,2723,true
0,2725,true
0,2727,true
0,2728,true
0,2729,true
0,2733,true
0,2734,true
0,2738,true
0,2739,true
0,2740,true
0,2741,true
0,2742,true
0,2743,true
0,2745,true
0,2750,true
0,2751,true
0,2753,true
0,2754,true
0,2755,true
0,2757,true
0,2759,true
0,2760,true
0,2763,true
0,2764,true
0,2765,true
0,2766,true
0,2772,true
0,2773,true
0,2776,true
0,2783,true
0,2785,true
0,2787,true
0,2789,true
0,2792,true
0,2794,true
0,2795,true
0,2798,true
0,2799,true
0,2800,true
0,2802,true
0,2803,true
0,2806,true
0,2809,true
0,2810,true
0,2811,true
0,2812,true
0,2813,true
0,2814,true
0,2819,true
0,2820,true
0,2823,true
0,2824,true
0,2825,true
0,2832,true
0,2833,true
0,2834,true
0,2835,true
0,2836,true
0,2837,true
0,2838,true
0,2840,true
0,2844,true
0,2850,true
0,2853,true
0,2854,true
0,2855,true
0,2856,true
0,2859,true
0,2861,true
0,2864,true
0,2869,true
0,2872,true
0,2873,true
0,2874,true
0,2875,true
0,2877,true
0,2879,true
0,2881,true
0,2882,true
0,2883,true
0,2884,true
0,2886,true
0,2887,true
0,2888,true
0,2889,true
0,2892,true
0,2896,true
0,2897,true
0,2899,true
0,2903,true
0,2904,true
0,2906,true
0,2907,true
0,2910,true
0,2912,true
0,2913,true
0,2915,true
0,2916,true
0,2917,true
0,2920,true
0,2926,true
0,2927,true
0,2929,true
0,2930,true
0,2931,true
0,2932,true
0,2933,true
0,2937,true
0,2939,true
0,2940,true
0,2943,true
0,2944,true
0,2948,true
0,2949,true
0,2950,true
0,2953,true
0,2954,true
0,2956,true
0,2959,true
0,2960,true
0,2961,true
0,2964,true
0,2965,true
0,2966,true
0,2967,true
0,2968,true
0,2969,true
0,2970,true
0,2972,true
0,2974,true
0,2975,true
0,2976,true
0,2978,true
0,2979,true
0,2980,true
0,2981,true
0,2983,true
0,2985,true
0,2986,true
0,2988,true
0,2989,true
0,2991,true
0,2992,true
0,2994,true
0,2996,true
0,2997,true
0,2998,true
0,3001,true
0,3003,true
0,3005,true
0,3007,true
0,3008,true
0,3009,true
0,3010,true
0,3013,true
0,3017,true
0,3021,true
0,3023,true
0,3026,true
0,3030,true
0,3031,true
0,3032,true
0,3036,true
0,3037,true
0,3038,true
0,3039,true
0,3041,true
0,3045,true
0,3051,true
0,3052,true
0,3053,true
0,3056,true
0,3058,true
0,3059,true
0,3060,true
0,3064,true
0,3066,true
0,3067,true
0,3068,true
0,3072,true
0,3074,true
0,3078,true
0,3079,true
0,3080,true
0,3082,true
0,3083,true
0,3084,true
0,3086,true
0,3089,true
0,3090,true
0,3096,true
0,3097,true
0,3098,true
0,3099,true
0,3100,true
0,3102,true
0,3104,true
0,3105,true
0,3106,true
0,3107,true
0,3108,true
0,3109,true
0,3110,true
0,3112,true
0,3117,true
0,3118,true
0,3121,true
0,3122,true
0,3123,true
0,3126,true
0,3127,true
0,3129,true
0,3130,true
0,3135,true
0,3136,true
0,3139,true
0,3141,true
0,3143,true
0,3146,true
0,3147,true
0,3149,true
0,3150,true
0,3155,true
0,3156,true
0,3157,true
0,3158,true
0,3159,true
0,3161,true
0,3163,true
0,3166,true
0,3167,true
0,3168,true
0,3170,true
0,3171,true
0,3175,true
0,3176,true
0,3177,true
0,3178,true
0,3179,true
0,3180,true
0,3183,true
0,3184,true
0,3185,true
0,3186,true
0,3187,true
0,3188,true
0,3189,true
0,3193,true
0,3195,true
0,3198,true
0,3203,true
0,3204,true
0,3206,true
0,3209,true
0,3211,true
0,3212,true
0,3213,true
0,3214,true
0,3217,true
0,3219,true
0,3223,true
0,3225,true
0,3227,true
0,3228,true
0,3231,true
0,3232,true
0,3233,true
0,3235,true
0,3236,true
0,3238,true
0,3241,true
0,3242,true
0,3243,true
0,3245,true
0,3246,true
0,3249,true
0,3251,true
0,3252,true
0,3253,true
0,3255,true
0,3256,true
0,3257,true
0,3258,true
0,3259,true
0,3263,true
0,3266,true
0,3268,true
0,3270,true
0,3273,true
0,3274,true
0,3279,true
0,3282,true
0,3283,true
0,3284,true
0,3285,true
0,3286,true
0,3287,true
0,3289,true
0,3291,true
0,3294,true
0,3297,true
0,3299,true
0,3300,true
0,3301,true
0,3304,true
0,3305,true
0,3307,true
0,3311,true
0,3312,true
0,3316,true
0,3317,true
0,3322,true
0,3324,true
0,3327,true
0,3328,true
0,3329,true
0,3330,true
0,3333,true
0,3335,true
0,3336,true
0,3337,true
0,3339,true
0,3344,true
0,3348,true
0,3349,true
0,3350,true
0,3351,true
0,3352,true
0,3353,true
0,3357,true
0,3358,true
0,3359,true
0,3361,true
0,3362,true
0,3363,true
0,3364,true
0,3370,true
0,3374,true
0,3376,true
0,3377,true
0,3380,true
0,3383,true
0,3384,true
0,3386,true
0,3389,true
0,3392,true
0,3393,true
0,3394,true
0,3397,true
0,3400,true
0,3402,true
0,3403,true
0,3404,true
0,3405,true
0,3407,true
0,3408,true
0,3410,true
0,3411,true
0,3413,true
0,3415,true
0,3417,true
0,3418,true
0,3420,true
0,3431,true
0,3434,true
0,3439,true
0,3440,true
0,3441,true
0,3443,true
0,3445,true
0,3451,true
0,3453,true
0,3454,true
0,3456,true
0,3459,true
0,3462,true
0,3464,true
0,3465,true
0,3467,true
0,3470,true
0,3471,true
0,3472,true
0,3473,true
0,3477,true
0,3478,true
0,3480,true
0,3481,true
0,3482,true
0,3483,true
0,3484,true
0,3485,true
0,3486,true
0,3490,true
0,3492,true
0,3493,true
0,3494,true
0,3495,true
0,3499,true
0,3500,true
0,3501,true
0,3502,true
0,3506,true
0,3508,true
0,3510,true
0,3516,true
0,3517,true
0,3520,true
0,3523,true
0,3524,true
0,3525,true
0,3526,true
0,3527,true
0,3531,true
0,3532,true
0,3533,true
0,3534,true
0,3535,true
0,3537,true
0,3538,true
0,3540,true
0,3544,true
0,3547,true
0,3556,true
0,3557,true
0,3562,true
0,3563,true
0,3565,true
0,3566,true
0,3568,true
0,3569,true
0,3573,true
0,3574,true
0,3575,true
0,3576,true
0,3577,true
0,3578,true
0,3580,true
0,3581,true
0,3582,true
0,3583,true
0,3588,true
0,3589,true
0,3590,true
0,3591,true
0,3592,true
0,3594,true
0,3599,true
0,3602,true
0,3604,true
0,3605,true
0,3606,true
0,3607,true
0,3609,true
0,3610,true
0,3611,true
0,3613,true
0,3616,true
0,3617,true
0,3621,true
0,3623,true
0,3625,true
0,3627,true
0,3628,true
0,3631,true
0,3633,true
0,3634,true
0,3635,true
0,3640,true
0,3641,true
0,3642,true
0,3643,true
0,3644,true
0,3645,true
0,3646,true
0,3647,true
0,3651,true
0,3654,true
0,3658,true
0,3659,true
0,3662,true
0,3663,true
0,3664,true
0,3665,true
0,3666,true
0,3670,true
0,3672,true
0,3674,true
0,3676,true
0,3677,true
0,3678,true
0,3679,true
0,3680,true
0,3681,true
0,3682,true
0,3683,true
0,3684,true
0,3686,true
0,3691,true
0,3692,true
0,3695,true
0,3698,true
0,3700,true
0,3701,true
0,3705,true
0,3708,true
0,3711,true
0,3713,true
0,3716,true
0,3717,true
0,3720,true
0,3722,true
0,3724,true
0,3725,true
0,3726,true
0,3727,true
0,3730,true
0,3734,true
0,3735,true
0,3736,true
0,3737,true
0,3741,true
0,3742,true
0,3745,true
0,3746,true
0,3747,true
0,3748,true
0,3749,true
0,3750,true
0,3756,true
0,3758,true
0,3761,true
0,3762,true
0,3765,true
0,3769,true
0,3774,true
0,3775,true
0,3776,true
0,3777,true
0,3778,true
0,3783,true
0,3784,true
0,3785,true
0,3788,true
0,3789,true
0,3793,true
0,3794,true
0,3795,true
0,3799,true
0,3800,true
0,3801,true
0,3804,true
0,3805,true
0,3806,true
0,3807,true
0,3809,true
0,3810,true
0,3812,true
0,3816,true
0,3818,true
0,3819,true
0,3820,true
0,3821,true
0,3823,true
0,3824,true
0,3827,true
0,3828,true
0,3830,true
0,3831,true
0,3835,true
0,3838,true
0,3839,true
0,3840,true
0,3841,true
0,3842,true
0,3843,true
0,3845,true
0,3847,true
0,3848,true
0,3850,true
0,3853,true
0,3856,true
0,3857,true
0,3858,true
0,3859,true
0,3860,true
0,3861,true
0,3862,true
0,3864,true
0,3868,true
0,3871,true
0,3872,true
0,3876,true
0,3877,true
0,3878,true
0,3880,true
0,3884,true
0,3886,true
0,3887,true
0,3890,true
0,3891,true
0,3893,true
0,3897,true
0,3898,true
0,3899,true
0,3903,true
0,3907,true
0,3910,true
0,3911,true
0,3912,true
0,3919,true
0,3920,true
0,3924,true
0,3925,true
0,3926,true
0,3929,true
0,3930,true
0,3931,true
0,3933,true
0,3936,true
0,3937,true
0,3941,true
0,3942,true
0,3943,true
0,3944,true
0,3948,true
0,3949,true
0,3950,true
0,3957,true
0,3959,true
0,3960,true
0,3964,true
0,3970,true
0,3977,true
0,3979,true
0,3981,true
0,3983,true
0,3984,true
0,3986,true
0,3989,true
0,3993,true
0,3994,true
0,3995,true
0,3996,true
0,3997,true
0,4000,true
0,4002,true
0,4004,true
0,4005,true
0,4006,true
0,4007,true
0,4008,true
0,4009,true
0,4011,true
0,4015,true
0,4018,true
0,4022,true
0,4023,true
0,4025,true
0,4028,true
0,4029,true
0,4030,true
0,4031,true
0,4032,true
0,4033,true
0,4034,true
0,4036,true
0,4037,true
0,4038,true
0,4039,true
0,4041,true
0,4042,true
0,4044,true
0,4045,true
0,4046,true
0,4052,true
0,4054,true
0,4055,true
0,4058,true
0,4059,true
0,4060,true
0,4061,true
0,4063,true
0,4064,true
0,4066,true
0,4070,true
0,4072,true
0,4073,true
0,4075,true
0,4079,true
0,4080,true
0,4081,true
0,4082,true
0,4086,true
0,4089,true
0,4091,true
0,4092,true
0,4093,true
0,4094,true
0,4096,true
0,4102,true
0,4103,true
0,4105,true
0,4108,true
0,4110,true
0,4111,true
0,4112,true
0,4115,true
0,4118,true
0,4121,true
0,4122,true
0,4124,true
0,4126,true
0,4132,true
0,4133,true
0,4134,true
0,4135,true
0,4138,true
0,4139,true
0,4142,true
0,4145,true
0,4146,true
0,4147,true
0,4148,true
0,4150,true
0,4151,true
0,4152,true
0,4154,true
0,4155,true
0,4156,true
0,4157,true
0,4158,true
0,4159,true
0,4161,true
0,4166,true
0,4167,true
0,4168,true
0,4170,true
0,4172,true
0,4174,true
0,4175,true
0,4176,true
0,4177,true
0,4178,true
0,4183,true
0,4185,true
0,4188,true
0,4189,true
0,4193,true
0,4195,true
0,4196,true
0,4198,true
0,4199,true
0,4200,true
0,4203,true
0,4204,true
0,4207,true
0,4208,true
0,4212,true
0,4215,true
0,4216,true
0,4217,true
0,4219,true
0,4220,true
0,4221,true
0,4222,true
0,4223,true
0,4225,true
0,4226,true
0,4227,true
0,4228,true
0,4230,true
0,4231,true
0,4232,true
0,4236,true
0,4237,true
0,4244,true
0,4245,true
0,4246,true
0,4249,true
0,4254,true
0,4256,true
0,4259,true
0,4261,true
0,4262,true
0,4263,true
0,4264,true
0,4266,true
0,4268,true
0,4269,true
0,4270,true
0,4271,true
0,4272,true
0,4273,true
0,4278,true
0,4279,true
0,4281,true
0,4282,true
0,4283,true
0,4284,true
0,4286,true
0,4287,true
0,4288,true
0,4289,true
0,4291,true
0,4296,true
0,4299,true
0,4303,true
0,4305,true
0,4306,true
0,4307,true
0,4308,true
0,4310,true
0,4311,true
0,4313,true
0,4316,true
0,4322,true
0,4324,true
0,4325,true
0,4328,true
0,4329,true
0,4330,true
0,4331,true
0,4332,true
0,4335,true
0,4337,true
0,4339,true
0,4340,true
0,4341,true
0,4344,true
0,4346,true
0,4348,true
0,4349,true
0,4350,true
0,4354,true
0,4357,true
0,4361,true
0,4362,true
0,4365,true
0,4366,true
0,4367,true
0,4368,true
0,4369,true
0,4370,true
0,4371,true
0,4373,true
0,4375,true
0,4378,true
0,4379,true
0,4382,true
0,4384,true
0,4385,true
0,4386,true
0,4387,true
0,4389,true
0,4392,true
0,4393,true
0,4394,true
0,4397,true
0,4398,true
0,4400,true
0,4402,true
0,4405,true
0,4408,true
0,4410,true
0,4411,true
0,4413,true
0,4414,true
0,4419,true
0,4420,true
0,4423,true
0,4428,true
0,4429,true
0,4430,true
0,4432,true
0,4433,true
0,4436,true
0,4438,true
0,4440,true
0,4443,true
0,4446,true
0,4450,true
0,4452,true
0,4454,true
0,4455,true
0,4456,true
0,4459,true
0,4460,true
0,4461,true
0,4462,true
0,4466,true
0,4468,true
0,4470,true
0,4471,true
0,4472,true
0,4474,true
0,4478,true
0,4479,true
0,4480,true
0,4484,true
0,4485,true
0,4490,true
0,4491,true
0,4494,true
0,4497,true
0,4498,true
0,4499,true
0,4500,true
0,4505,true
0,4506,true
0,4511,true
0,4513,true
0,4515,true
0,4517,true
0,4518,true
0,4519,true
0,4521,true
0,4522,true
0,4523,true
0,4524,true
0,4527,true
0,4528,true
0,4532,true
0,4535,true
0,4536,true
0,4538,true
0,4539,true
0,4541,true
0,4542,true
0,4543,true
0,4545,true
0,4546,true
0,4549,true
0,4551,true
0,4552,true
0,4553,true
0,4554,true
0,4556,true
0,4563,true
0,4566,true
0,4568,true
0,4569,true
0,4570,true
0,4571,true
0,4574,true
0,4575,true
0,4576,true
0,4585,true
0,4586,true
0,4587,true
0,4589,true
0,4591,true
0,4593,true
0,4594,true
0,4595,true
0,4596,true
0,4598,true
0,4600,true
0,4603,true
0,4604,true
0,4605,true
0,4607,true
0,4609,true
0,4610,true
0,4611,true
0,4612,true
0,4613,true
0,4616,true
0,4617,true
0,4618,true
0,4621,true
0,4626,true
0,4627,true
0,4628,true
0,4629,true
0,4630,true
0,4631,true
0,4632,true
0,4639,true
0,4640,true
0,4647,true
0,4649,true
0,4651,true
0,4652,true
0,4654,true
0,4655,true
0,4661,true
0,4665,true
0,4666,true
0,4668,true
0,4671,true
0,4672,true
0,4673,true
0,4675,true
0,4679,true
0,4680,true
0,4681,true
0,4682,true
0,4683,true
0,4684,true
0,4686,true
0,4692,true
0,4694,true
0,4695,true
0,4697,true
0,4698,true
0,4699,true
0,4705,true
0,4706,true
0,4707,true
0,4712,true
0,4713,true
0,4714,true
0,4715,true
0,4716,true
0,4720,true
0,4721,true
0,4723,true
0,4727,true
0,4729,true
0,4730,true
0,4731,true
0,4733,true
0,4735,true
0,4737,true
0,4740,true
0,4741,true
0,4743,true
0,4745,true
0,4746,true
0,4749,true
0,4751,true
0,4755,true
0,4756,true
0,4758,true
0,4760,true
0,4769,true
0,4771,true
0,4772,true
0,4777,true
0,4784,true
0,4787,true
0,4788,true
0,4792,true
0,4799,true
0,4800,true
0,4801,true
0,4802,true
0,4804,true
0,4805,true
0,4808,true
0,4814,true
0,4825,true
0,4826,true
0,4827,true
0,4828,true
0,4829,true
0,4830,true
0,4831,true
0,4832,true
0,4833,true
0,4836,true
0,4837,true
0,4839,true
0,4840,true
0,4842,true
0,4844,true
0,4845,true
0,4849,true
0,4851,true
0,4852,true
0,4853,true
0,4854,true
0,4855,true
0,4860,true
0,4861,true
0,4862,true
0,4863,true
0,4865,true
0,4868,true
0,4869,true
0,4876,true
0,4878,true
0,4880,true
0,4881,true
0,4883,true
0,4884,true
0,4887,true
0,4888,true
0,4889,true
0,4890,true
0,4892,true
0,4893,true
0,4896,true
0,4897,true
0,4898,true
0,4899,true
0,4900,true
0,4903,true
0,4911,true
0,4914,true
0,4915,true
0,4916,true
0,4921,true
0,4923,true
0,4924,true
0,4925,true
0,4928,true
0,4929,true
0,4930,true
0,4932,true
0,4933,true
0,4937,true
0,4938,true
0,4939,true
0,4940,true
0,4941,true
0,4942,true
0,4944,true
0,4948,true
0,4949,true
0,4951,true
0,4952,true
0,4954,true
0,4955,true
0,4960,true
0,4961,true
0,4965,true
0,4966,true
0,4967,true
0,4970,true
0,4973,true
0,4974,true
0,4975,true
0,4976,true
0,4977,true
0,4979,true
0,4980,true
0,4981,true
0,4984,true
0,4985,true
0,4987,true
0,4988,true
0,4993,true
0,4994,true
0,4995,true
0,4997,true
0,4999,true
0,5003,true
0,5007,true
0,5009,true
0,5011,true
0,5015,true
0,5016,true
0,5020,true
0,5021,true
0,5022,true
0,5026,true
0,5027,true
0,5031,true
0,5033,true
0,5034,true
0,5035,true
0,5037,true
0,5038,true
0,5040,true
0,5043,true
0,5044,true
0,5046,true
0,5052,true
0,5053,true
0,5054,true
0,5055,true
0,5056,true
0,5057,true
0,5059,true
0,5060,true
0,5063,true
0,5064,true
0,5065,true
0,5066,true
0,5067,true
0,5069,true
0,5070,true
0,5074,true
0,5075,true
0,5078,true
0,5082,true
0,5083,true
0,5084,true
0,5089,true
0,5094,true
0,5095,true
0,5097,true
0,5098,true
0,5102,true
0,5103,true
0,5106,true
0,5109,true
0,5112,true
0,5115,true
0,5120,true
0,5121,true
0,5122,true
0,5124,true
0,5125,true
0,5126,true
0,5130,true
0,5132,true
0,5134,true
0,5137,true
0,5138,true
0,5139,true
0,5140,true
0,5143,true
0,5144,true
0,5146,true
0,5152,true
0,5153,true
0,5155,true
0,5162,true
0,5163,true
0,5164,true
0,5166,true
0,5169,true
0,5171,true
0,5173,true
0,5174,true
0,5175,true
0,5176,true
0,5177,true
0,5179,true
0,5180,true
0,5181,true
0,5186,true
0,5187,true
0,5192,true
0,5193,true
0,5195,true
0,5197,true
0,5200,true
0,5202,true
0,5203,true
0,5206,true
0,5207,true
0,5209,true
0,5210,true
0,5211,true
0,5215,true
0,5216,true
0,5224,true
0,5225,true
0,5227,true
0,5229,true
0,5232,true
0,5233,true
0,5235,true
0,5236,true
0,5237,true
0,5239,true
0,5240,true
0,5243,true
0,5244,true
0,5245,true
0,5246,true
0,5247,true
0,5248,true
0,5253,true
0,5255,true
0,5257,true
0,5258,true
0,5259,true
0,5261,true
0,5264,true
0,5267,true
0,5268,true
0,5269,true
0,5271,true
0,5272,true
0,5275,true
0,5276,true
0,5280,true
0,5281,true
0,5282,true
0,5283,true
0,5295,true
0,5296,true
0,5297,true
0,5298,true
0,5300,true
0,5302,true
0,5304,true
0,5305,true
0,5308,true
0,5310,true
0,5312,true
0,5314,true
0,5315,true
0,5318,true
0,5319,true
0,5320,true
0,5321,true
0,5325,true
0,5327,true
0,5328,true
0,5330,true
0,5331,true
0,5335,true
0,5336,true
0,5341,true
0,5342,true
0,5348,true
0,5349,true
0,5352,true
0,5353,true
0,5356,true
0,5360,true
0,5361,true
0,5363,true
0,5368,true
0,5369,true
0,5370,true
0,5371,true
0,5373,true
0,5376,true
0,5379,true
0,5380,true
0,5381,true
0,5382,true
0,5383,true
0,5384,true
0,5385,true
0,5390,true
0,5391,true
0,5392,true
0,5394,true
0,5397,true
0,5399,true
0,5401,true
0,5405,true
0,5406,true
0,5407,true
0,5411,true
0,5413,true
0,5415,true
0,5416,true
0,5418,true
0,5419,true
0,5423,true
0,5425,true
0,5426,true
0,5427,true
0,5430,true
0,5436,true
0,5438,true
0,5440,true
0,5441,true
0,5442,true
0,5443,true
0,5445,true
0,5446,true
0,5447,true
0,5450,true
0,5452,true
0,5455,true
0,5461,true
0,5463,true
0,5464,true
0,5467,true
0,5468,true
0,5469,true
0,5470,true
0,5471,true
0,5473,true
0,5475,true
0,5478,true
0,5479,true
0,5480,true
0,5481,true
0,5485,true
0,5488,true
0,5490,true
0,5492,true
0,5495,true
0,5496,true
0,5497,true
0,5499,true
0,5502,true
0,5505,true
0,5507,true
0,5509,true
0,5510,true
0,5511,true
0,5512,true
0,5513,true
0,5514,true
0,5516,true
0,5517,true
0,5518,true
0,5521,true
0,5522,true
0,5527,true
0,5529,true
0,5531,true
0,5532,true
0,5534,true
0,5535,true
0,5539,true
0,5540,true
0,5542,true
0,5543,true
0,5544,true
0,5546,true
0,5547,true
0,5549,true
0,5551,true
0,5552,true
0,5553,true
0,5554,true
0,5555,true
0,5556,true
0,5557,true
0,5558,true
0,5559,true
0,5561,true
0,5562,true
0,5563,true
0,5564,true
0,5565,true
0,5567,true
0,5572,true
0,5573,true
0,5578,true
0,5579,true
0,5580,true
0,5581,true
0,5584,true
0,5585,true
0,5586,true
0,5588,true
0,5590,true
0,5592,true
0,5593,true
0,5594,true
0,5595,true
0,5597,true
0,5599,true
0,5601,true
0,5608,true
0,5609,true
0,5611,true
0,5614,true
0,5615,true
0,5618,true
0,5622,true
0,5628,true
0,5630,true
0,5631,true
0,5632,true
0,5633,true
0,5634,true
0,5638,true
0,5640,true
0,5641,true
0,5642,true
0,5643,true
0,5644,true
0,5645,true
0,5647,true
0,5649,true
0,5654,true
0,5658,true
0,5659,true
0,5660,true
0,5664,true
0,5667,true
0,5670,true
0,5671,true
0,5672,true
0,5673,true
0,5674,true
0,5675,true
0,5676,true
0,5678,true
0,5679,true
0,5681,true
0,5682,true
0,5683,true
0,5687,true
0,5688,true
0,5691,true
0,5693,true
0,5696,true
0,5699,true
0,5703,true
0,5705,true
0,5706,true
0,5707,true
0,5708,true
0,5709,true
0,5710,true
0,5713,true
0,5716,true
0,5721,true
0,5722,true
0,5724,true
0,5726,true
0,5727,true
0,5729,true
0,5731,true
0,5734,true
0,5736,true
0,5737,true
0,5741,true
0,5742,true
0,5745,true
0,5747,true
0,5748,true
0,5749,true
0,5750,true
0,5751,true
0,5752,true
0,5755,true
0,5758,true
0,5761,true
0,5762,true
0,5763,true
0,5766,true
0,5768,true
0,5769,true
0,5772,true
0,5773,true
0,5774,true
0,5775,true
0,5776,true
0,5777,true
0,5778,true
0,5779,true
0,5780,true
0,5781,true
0,5782,true
0,5783,true
0,5785,true
0,5789,true
0,5799,true
0,5801,true
0,5803,true
0,5808,true
0,5810,true
0,5811,true
0,5812,true
0,5816,true
0,5817,true
0,5822,true
0,5823,true
0,5824,true
0,5825,true
0,5828,true
0,5831,true
0,5832,true
0,5835,true
0,5838,true
0,5839,true
0,5840,true
0,5844,true
0,5849,true
0,5851,true
0,5855,true
0,5856,true
0,5858,true
0,5861,true
0,5865,true
0,5868,true
0,5869,true
0,5872,true
0,5876,true
0,5877,true
0,5879,true
0,5880,true
0,5882,true
0,5883,true
0,5885,true
0,5886,true
0,5887,true
0,5889,true
0,5893,true
0,5896,true
0,5897,true
0,5899,true
0,5902,true
0,5906,true
0,5907,true
0,5908,true
0,5909,true
0,5910,true
0,5911,true
0,5913,true
0,5917,true
0,5919,true
0,5921,true
0,5923,true
0,5924,true
0,5926,true
0,5927,true
0,5928,true
0,5930,true
0,5938,true
0,5940,true
0,5945,true
0,5946,true
0,5947,true
0,5948,true
0,5950,true
0,5951,true
0,5952,true
0,5955,true
0,5958,true
0,5959,true
0,5960,true
0,5963,true
0,5964,true
0,5966,true
0,5967,true
0,5968,true
0,5969,true
0,5971,true
0,5973,true
0,5975,true
0,5977,true
0,5978,true
0,5979,true
0,5980,true
0,5981,true
0,5984,true
0,5985,true
0,5990,true
0,5991,true
0,5993,true
0,5994,true
0,5995,true
0,5998,true
0,6000,true
0,6001,true
0,6002,true
0,6006,true
0,6007,true
0,6008,true
0,6009,true
0,6012,true
0,6023,true
0,6027,true
0,6028,true
0,6031,true
0,6032,true
0,6033,true
0,6034,true
0,6037,true
0,6038,true
0,6039,true
0,6040,true
0,6044,true
0,6045,true
0,6050,true
0,6051,true
0,6052,true
0,6054,true
0,6055,true
0,6064,true
0,6066,true
0,6067,true
0,6070,true
0,6073,true
0,6074,true
0,6075,true
0,6076,true
0,6077,true
0,6078,true
0,6079,true
0,6081,true
0,6084,true
0,6085,true
0,6086,true
0,6087,true
0,6090,true
0,6091,true
0,6095,true
0,6096,true
0,6098,true
0,6100,true
0,6102,true
0,6103,true
0,6110,true
0,6111,true
0,6112,true
0,6114,true
0,6117,true
0,6118,true
0,6121,true
0,6122,true
0,6124,true
0,6125,true
0,6131,true
0,6132,true
0,6133,true
0,6135,true
0,6136,true
0,6138,true
0,6139,true
0,6140,true
0,6142,true
0,6145,true
0,6146,true
0,6148,true
0,6149,true
0,6151,true
0,6155,true
0,6156,true
0,6157,true
0,6158,true
0,6163,true
0,6164,true
0,6165,true
0,6167,true
0,6168,true
0,6169,true
0,6170,true
0,6172,true
0,6173,true
0,6175,true
0,6178,true
0,6180,true
0,6182,true
0,6183,true
0,6185,true
0,6186,true
0,6191,true
0,6193,true
0,6195,true
0,6196,true
0,6197,true
0,6198,true
0,6201,true
0,6202,true
0,6203,true
0,6205,true
0,6207,true
0,6209,true
0,6210,true
0,6211,true
0,6217,true
0,6218,true
0,6219,true
0,6220,true
0,6221,true
0,6222,true
0,6225,true
0,6229,true
0,6231,true
0,6232,true
0,6235,true
0,6239,true
0,6240,true
0,6243,true
0,6244,true
0,6251,true
0,6256,true
0,6258,true
0,6261,true
0,6262,true
0,6264,true
0,6266,true
0,6268,true
0,6269,true
0,6270,true
0,6271,true
0,6273,true
0,6278,true
0,6280,true
0,6281,true
0,6284,true
0,6286,true
0,6287,true
0,6291,true
0,6293,true
0,6294,true
0,6295,true
0,6300,true
0,6301,true
0,6303,true
0,6304,true
0,6309,true
0,6311,true
0,6312,true
0,6315,true
0,6320,true
0,6322,true
0,6323,true
0,6325,true
0,6327,true
0,6328,true
0,6333,true
0,6335,true
0,6337,true
0,6347,true
0,6348,true
0,6349,true
0,6350,true
0,6351,true
0,6354,true
0,6357,true
0,6359,true
0,6360,true
0,6361,true
0,6363,true
0,6364,true
0,6365,true
0,6371,true
0,6372,true
0,6374,true
0,6376,true
0,6379,true
0,6383,true
0,6385,true
0,6386,true
0,6387,true
0,6388,true
0,6389,true
0,6391,true
0,6394,true
0,6397,true
0,6398,true
0,6401,true
0,6403,true
0,6405,true
0,6408,true
0,6409,true
0,6410,true
0,6411,true
0,6412,true
0,6415,true
0,6416,true
0,6417,true
0,6421,true
0,6422,true
0,6424,true
0,6429,true
0,6431,true
0,6434,true
0,6435,true
0,6436,true
0,6439,true
0,6440,true
0,6441,true
0,6442,true
0,6443,true
0,6444,true
0,6445,true
0,6446,true
0,6447,true
0,6448,true
0,6450,true
0,6452,true
0,6454,true
0,6456,true
0,6457,true
0,6458,true
0,6461,true
0,6462,true
0,6470,true
0,6471,true
0,6476,true
0,6480,true
0,6482,true
0,6484,true
0,6485,true
0,6488,true
0,6493,true
0,6494,true
0,6498,true
0,6501,true
0,6503,true
0,6505,true
0,6507,true
0,6508,true
0,6509,true
0,6513,true
0,6515,true
0,6516,true
0,6520,true
0,6523,true
0,6524,true
0,6526,true
0,6528,true
0,6529,true
0,6530,true
0,6531,true
0,6536,true
0,6539,true
0,6540,true
0,6541,true
0,6542,true
0,6545,true
0,6549,true
0,6551,true
0,6553,true
0,6554,true
0,6555,true
0,6558,true
0,6562,true
0,6563,true
0,6564,true
0,6565,true
0,6567,true
0,6568,true
0,6570,true
0,6572,true
0,6575,true
0,6579,true
0,6580,true
0,6581,true
0,6582,true
0,6583,true
0,6584,true
0,6585,true
0,6586,true
0,6587,true
0,6591,true
0,6592,true
0,6596,true
0,6599,true
0,6600,true
0,6601,true
0,6605,true
0,6607,true
0,6608,true
0,6609,true
0,6614,true
0,6616,true
0,6617,true
0,6620,true
0,6624,true
0,6629,true
0,6630,true
0,6631,true
0,6632,true
0,6633,true
0,6634,true
0,6635,true
0,6644,true
0,6646,true
0,6648,true
0,6653,true
0,6658,true
0,6662,true
0,6665,true
0,6669,true
0,6670,true
0,6673,true
0,6678,true
0,6679,true
0,6681,true
0,6683,true
0,6684,true
0,6685,true
0,6687,true
0,6689,true
0,6694,true
0,6695,true
0,6696,true
0,6699,true
0,6700,true
0,6702,true
0,6704,true
0,6706,true
0,6710,true
0,6711,true
0,6712,true
0,6714,true
0,6715,true
0,6720,true
0,6724,true
0,6726,true
0,6728,true
0,6731,true
0,6733,true
0,6735,true
0,6736,true
0,6738,true
0,6739,true
0,6740,true
0,6741,true
0,6743,true
0,6744,true
0,6745,true
0,6746,true
0,6749,true
0,6753,true
0,6754,true
0,6756,true
0,6757,true
0,6758,true
0,6760,true
0,6761,true
0,6762,true
0,6765,true
0,6766,true
0,6768,true
0,6774,true
0,6775,true
0,6776,true
0,6777,true
0,6778,true
0,6781,true
0,6783,true
0,6784,true
0,6785,true
0,6786,true
0,6788,true
0,6789,true
0,6790,true
0,6792,true
0,6793,true
0,6794,true
0,6795,true
0,6797,true
0,6799,true
0,6800,true
0,6802,true
0,6803,true
0,6808,true
0,6810,true
0,6814,true
0,6815,true
0,6816,true
0,6817,true
0,6818,true
0,6820,true
0,6821,true
0,6822,true
0,6824,true
0,6826,true
0,6827,true
0,6829,true
0,6831,true
0,6833,true
0,6834,true
0,6835,true
0,6839,true
0,6840,true
0,6841,true
0,6842,true
0,6843,true
0,6845,true
0,6846,true
0,6847,true
0,6851,true
0,6853,true
0,6854,true
0,6857,true
0,6859,true
0,6860,true
0,6864,true
0,6866,true
0,6868,true
0,6869,true
0,6870,true
0,6871,true
0,6872,true
0,6873,true
0,6880,true
0,6882,true
0,6883,true
0,6884,true
0,6891,true
0,6893,true
0,6894,true
0,6895,true
0,6896,true
0,6897,true
0,6902,true
0,6903,true
0,6904,true
0,6907,true
0,6910,true
0,6912,true
0,6913,true
0,6916,true
0,6918,true
0,6924,true
0,6926,true
0,6927,true
0,6929,true
0,6933,true
0,6934,true
0,6935,true
0,6939,true
0,6940,true
0,6941,true
0,6942,true
0,6943,true
0,6946,true
0,6947,true
0,6948,true
0,6950,true
0,6951,true
0,6952,true
0,6955,true
0,6956,true
0,6957,true
0,6959,true
0,6961,true
0,6963,true
0,6965,true
0,6966,true
0,6967,true
0,6968,true
0,6970,true
0,6973,true
0,6976,true
0,6980,true
0,6981,true
0,6983,true
0,6985,true
0,6986,true
0,6987,true
0,6988,true
0,6990,true
0,6998,true
0,6999,true
0,7001,true
0,7007,true
0,7008,true
0,7010,true
0,7014,true
0,7015,true
0,7016,true
0,7017,true
0,7026,true
0,7027,true
0,7035,true
0,7036,true
0,7042,true
0,7043,true
0,7044,true
0,7045,true
0,7046,true
0,7047,true
0,7050,true
0,7052,true
0,7055,true
0,7056,true
0,7057,true
0,7059,true
0,7061,true
0,7062,true
0,7063,true
0,7065,true
0,7068,true
0,7069,true
0,7070,true
0,7072,true
0,7073,true
0,7075,true
0,7077,true
0,7079,true
0,7085,true
0,7086,true
0,7088,true
0,7089,true
0,7090,true
0,7091,true
0,7092,true
0,7094,true
0,7095,true
0,7103,true
0,7104,true
0,7106,true
0,7107,true
0,7111,true
0,7112,true
0,7114,true
0,7116,true
0,7117,true
0,7118,true
0,7119,true
0,7120,true
0,7123,true
0,7125,true
0,7126,true
0,7127,true
0,7132,true
0,7138,true
0,7139,true
0,7140,true
0,7141,true
0,7143,true
0,7144,true
0,7146,true
0,7152,true
0,7154,true
0,7155,true
0,7156,true
0,7157,true
0,7160,true
0,7161,true
0,7164,true
0,7168,true
0,7169,true
0,7170,true
0,7179,true
0,7181,true
0,7182,true
0,7184,true
0,7186,true
0,7187,true
0,7190,true
0,7191,true
0,7192,true
0,7194,true
0,7197,true
0,7198,true
0,7200,true
0,7201,true
0,7203,true
0,7208,true
0,7209,true
0,7210,true
0,7211,true
0,7214,true
0,7215,true
0,7216,true
0,7218,true
0,7220,true
0,7221,true
0,7222,true
0,7223,true
0,7224,true
0,7225,true
0,7232,true
0,7233,true
0,7242,true
0,7243,true
0,7244,true
0,7246,true
0,7247,true
0,7248,true
0,7250,true
0,7251,true
0,7252,true
0,7254,true
0,7255,true
0,7257,true
0,7260,true
0,7261,true
0,7262,true
0,7263,true
0,7264,true
0,7266,true
0,7267,true
0,7268,true
0,7269,true
0,7272,true
0,7275,true
0,7277,true
0,7278,true
0,7279,true
0,7281,true
0,7283,true
0,7286,true
0,7295,true
0,7296,true
0,7298,true
0,7299,true
0,7303,true
0,7306,true
0,7311,true
0,7319,true
0,7322,true
0,7325,true
0,7326,true
0,7329,true
0,7330,true
0,7334,true
0,7339,true
0,7342,true
0,7345,true
0,7346,true
0,7347,true
0,7349,true
0,7350,true
0,7354,true
0,7356,true
0,7357,true
0,7362,true
0,7363,true
0,7365,true
0,7366,true
0,7367,true
0,7369,true
0,7371,true
0,7374,true
0,7377,true
0,7378,true
0,7379,true
0,7380,true
0,7383,true
0,7384,true
0,7385,true
0,7387,true
0,7392,true
0,7393,true
0,7395,true
0,7396,true
0,7398,true
0,7404,true
0,7405,true
0,7406,true
0,7409,true
0,7410,true
0,7413,true
0,7415,true
0,7416,true
0,7420,true
0,7421,true
0,7422,true
0,7423,true
0,7424,true
0,7426,true
0,7427,true
0,7430,true
0,7431,true
0,7434,true
0,7437,true
0,7438,true
0,7441,true
0,7443,true
0,7444,true
0,7447,true
0,7450,true
0,7452,true
0,7454,true
0,7458,true
0,7460,true
0,7462,true
0,7463,true
0,7464,true
0,7466,true
0,7468,true
0,7469,true
0,7472,true
0,7473,true
0,7481,true
0,7484,true
0,7485,true
0,7486,true
0,7487,true
0,7488,true
0,7489,true
0,7492,true
0,7493,true
0,7499,true
0,7501,true
0,7502,true
0,7504,true
0,7507,true
0,7508,true
0,7513,true
0,7515,true
0,7516,true
0,7517,true
0,7518,true
0,7519,true
0,7520,true
0,7521,true
0,7524,true
0,7525,true
0,7526,true
0,7527,true
0,7530,true
0,7531,true
0,7533,true
0,7534,true
0,7535,true
0,7537,true
0,7543,true
0,7544,true
0,7546,true
0,7548,true
0,7549,true
0,7550,true
0,7551,true
0,7552,true
0,7553,true
0,7554,true
0,7555,true
0,7556,true
0,7558,true
0,7561,true
0,7562,true
0,7564,true
0,7566,true
0,7568,true
0,7569,true
0,7570,true
0,7576,true
0,7577,true
0,7578,true
0,7579,true
0,7580,true
0,7585,true
0,7590,true
0,7593,true
0,7595,true
0,7597,true
0,7598,true
0,7601,true
0,7602,true
0,7603,true
0,7606,true
0,7609,true
0,7610,true
0,7614,true
0,7620,true
0,7622,true
0,7623,true
0,7627,true
0,7636,true
0,7639,true
0,7640,true
0,7641,true
0,7642,true
0,7643,true
0,7645,true
0,7646,true
0,7647,true
0,7648,true
0,7649,true
0,7650,true
0,7654,true
0,7656,true
0,7659,true
0,7662,true
0,7663,true
0,7664,true
0,7667,true
0,7669,true
0,7671,true
0,7672,true
0,7674,true
0,7675,true
0,7677,true
0,7678,true
0,7682,true
0,7685,true
0,7686,true
0,7687,true
0,7688,true
0,7689,true
0,7691,true
0,7694,true
0,7695,true
0,7696,true
0,7697,true
0,7698,true
0,7699,true
0,7702,true
0,7704,true
0,7712,true
0,7719,true
0,7720,true
0,7722,true
0,7727,true
0,7728,true
0,7729,true
0,7730,true
0,7733,true
0,7735,true
0,7737,true
0,7740,true
0,7742,true
0,7743,true
0,7745,true
0,7746,true
0,7748,true
0,7749,true
0,7751,true
0,7752,true
0,7753,true
0,7754,true
0,7755,true
0,7756,true
0,7759,true
0,7760,true
0,7763,true
0,7764,true
0,7765,true
0,7766,true
0,7767,true
0,7768,true
0,7769,true
0,7776,true
0,7777,true
0,7778,true
0,7780,true
0,7781,true
0,7782,true
0,7783,true
0,7784,true
0,7786,true
0,7791,true
0,7795,true
0,7799,true
0,7800,true
0,7802,true
0,7807,true
0,7812,true
0,7813,true
0,7814,true
0,7815,true
0,7816,true
0,7821,true
0,7822,true
0,7823,true
0,7824,true
0,7825,true
0,7828,true
0,7832,true
0,7833,true
0,7834,true
0,7838,true
0,7840,true
0,7841,true
0,7843,true
0,7845,true
0,7849,true
0,7850,true
0,7853,true
0,7854,true
0,7857,true
0,7858,true
0,7859,true
0,7860,true
0,7863,true
0,7865,true
0,7866,true
0,7868,true
0,7869,true
0,7870,true
0,7878,true
0,7880,true
0,7882,true
0,7884,true
0,7885,true
0,7886,true
0,7887,true
0,7889,true
0,7890,true
0,7893,true
0,7897,true
0,7898,true
0,7900,true
0,7901,true
0,7903,true
0,7906,true
0,7907,true
0,7909,true
0,7910,true
0,7911,true
0,7913,true
0,7917,true
0,7918,true
0,7919,true
0,7920,true
0,7923,true
0,7924,true
0,7925,true
0,7926,true
0,7930,true
0,7931,true
0,7932,true
0,7933,true
0,7934,true
0,7936,true
0,7937,true
0,7938,true
0,7940,true
0,7942,true
0,7943,true
0,7945,true
0,7949,true
0,7950,true
0,7953,true
0,7955,true
0,7957,true
0,7959,true
0,7961,true
0,7963,true
0,7964,true
0,7965,true
0,7968,true
0,7971,true
0,7974,true
0,7977,true
0,7978,true
0,7981,true
0,7984,true
0,7985,true
0,7986,true
0,7988,true
0,7989,true
0,7992,true
0,7994,true
0,7998,true
0,7999,true
0,8002,true
0,8003,true
0,8004,true
0,8010,true
0,8012,true
0,8013,true
0,8015,true
0,8016,true
0,8020,true
0,8021,true
0,8022,true
0,8024,true
0,8025,true
0,8026,true
0,8030,true
0,8033,true
0,8034,true
0,8039,true
0,8042,true
0,8044,true
0,8045,true
0,8051,true
0,8053,true
0,8054,true
0,8055,true
0,8056,true
0,8057,true
0,8061,true
0,8062,true
0,8064,true
0,8065,true
0,8067,true
0,8068,true
0,8069,true
0,8071,true
0,8072,true
0,8074,true
0,8080,true
0,8081,true
0,8082,true
0,8086,true
0,8088,true
0,8089,true
0,8092,true
0,8094,true
0,8098,true
0,8099,true
0,8100,true
0,8103,true
0,8105,true
0,8106,true
0,8107,true
0,8109,true
0,8110,true
0,8111,true
0,8112,true
0,8114,true
0,8117,true
0,8118,true
0,8123,true
0,8124,true
0,8125,true
0,8126,true
0,8127,true
0,8135,true
0,8137,true
0,8138,true
0,8141,true
0,8142,true
0,8144,true
0,8146,true
0,8147,true
0,8148,true
0,8149,true
0,8150,true
0,8151,true
0,8152,true
0,8159,true
0,8160,true
0,8162,true
0,8169,true
0,8171,true
0,8172,true
0,8173,true
0,8174,true
0,8179,true
0,8180,true
0,8183,true
0,8184,true
0,8185,true
0,8186,true
0,8189,true
0,8197,true
0,8198,true
0,8199,true
0,8201,true
0,8205,true
0,8207,true
0,8209,true
0,8211,true
0,8212,true
0,8214,true
0,8215,true
0,8216,true
0,8217,true
0,8220,true
0,8221,true
0,8222,true
0,8225,true
0,8230,true
0,8231,true
0,8232,true
0,8235,true
0,8237,true
0,8238,true
0,8242,true
0,8243,true
0,8245,true
0,8246,true
0,8250,true
0,8253,true
0,8255,true
0,8256,true
0,8258,true
0,8259,true
0,8261,true
0,8264,true
0,8265,true
0,8266,true
0,8267,true
0,8268,true
0,8271,true
0,8272,true
0,8275,true
0,8279,true
0,8280,true
0,8281,true
0,8284,true
0,8285,true
0,8288,true
0,8290,true
0,8294,true
0,8296,true
0,8299,true
0,8300,true
0,8301,true
0,8302,true
0,8303,true
0,8305,true
0,8306,true
0,8309,true
0,8310,true
0,8312,true
0,8313,true
0,8315,true
0,8319,true
0,8323,true
0,8324,true
0,8327,true
0,8334,true
0,8335,true
0,8336,true
0,8337,true
0,8339,true
0,8345,true
0,8346,true
0,8347,true
0,8348,true
0,8351,true
0,8352,true
0,8353,true
0,8354,true
0,8358,true
0,8359,true
0,8360,true
0,8362,true
0,8363,true
0,8364,true
0,8366,true
0,8368,true
0,8371,true
0,8375,true
0,8376,true
0,8377,true
0,8380,true
0,8382,true
0,8383,true
0,8384,true
0,8385,true
0,8389,true
0,8392,true
0,8396,true
0,8398,true
0,8400,true
0,8403,true
0,8404,true
0,8405,true
0,8407,true
0,8409,true
0,8410,true
0,8411,true
0,8412,true
0,8414,true
0,8424,true
0,8427,true
0,8431,true
0,8434,true
0,8435,true
0,8437,true
0,8438,true
0,8444,true
0,8448,true
0,8457,true
0,8458,true
0,8460,true
0,8461,true
0,8462,true
0,8463,true
0,8465,true
0,8467,true
0,8468,true
0,8469,true
0,8472,true
0,8473,true
0,8474,true
0,8475,true
0,8476,true
0,8477,true
0,8478,true
0,8484,true
0,8486,true
0,8490,true
0,8492,true
0,8493,true
0,8494,true
0,8496,true
0,8497,true
0,8500,true
0,8505,true
0,8506,true
0,8508,true
0,8509,true
0,8512,true
0,8513,true
0,8514,true
0,8516,true
0,8518,true
0,8520,true
0,8522,true
0,8524,true
0,8525,true
0,8526,true
0,8528,true
0,8529,true
0,8532,true
0,8533,true
0,8536,true
0,8539,true
0,8542,true
0,8543,true
0,8544,true
0,8545,true
0,8547,true
0,8548,true
0,8550,true
0,8551,true
0,8552,true
0,8553,true
0,8555,true
0,8556,true
0,8558,true
0,8560,true
0,8562,true
0,8564,true
0,8568,true
0,8570,true
0,8571,true
0,8573,true
0,8575,true
0,8576,true
0,8587,true
0,8588,true
0,8592,true
0,8593,true
0,8594,true
0,8596,true
0,8597,true
0,8601,true
0,8602,true
0,8603,true
0,8604,true
0,8605,true
0,8606,true
0,8608,true
0,8611,true
0,8615,true
0,8616,true
0,8617,true
0,8618,true
0,8621,true
0,8622,true
0,8623,true
0,8625,true
0,8628,true
0,8630,true
0,8631,true
0,8632,true
0,8635,true
0,8636,true
0,8637,true
0,8638,true
0,8639,true
0,8640,true
0,8642,true
0,8643,true
0,8648,true
0,8649,true
0,8652,true
0,8654,true
0,8655,true
0,8656,true
0,8658,true
0,8660,true
0,8662,true
0,8663,true
0,8666,true
0,8669,true
0,8671,true
0,8674,true
0,8675,true
0,8676,true
0,8680,true
0,8681,true
0,8684,true
0,8685,true
0,8688,true
0,8690,true
0,8691,true
0,8695,true
0,8699,true
0,8701,true
0,8702,true
0,8703,true
0,8706,true
0,8707,true
0,8709,true
0,8714,true
0,8717,true
0,8722,true
0,8723,true
0,8725,true
0,8726,true
0,8727,true
0,8728,true
0,8729,true
0,8730,true
0,8733,true
0,8737,true
0,8738,true
0,8739,true
0,8740,true
0,8741,true
0,8742,true
0,8744,true
0,8746,true
0,8747,true
0,8748,true
0,8750,true
0,8753,true
0,8756,true
0,8760,true
0,8768,true
0,8769,true
0,8770,true
0,8775,true
0,8776,true
0,8777,true
0,8781,true
0,8783,true
0,8784,true
0,8786,true
0,8787,true
0,8790,true
0,8799,true
0,8801,true
0,8804,true
0,8805,true
0,8806,true
0,8807,true
0,8808,true
0,8809,true
0,8810,true
0,8811,true
0,8813,true
0,8814,true
0,8819,true
0,8821,true
0,8823,true
0,8824,true
0,8825,true
0,8826,true
0,8827,true
0,8829,true
0,8833,true
0,8834,true
0,8837,true
0,8839,true
0,8840,true
0,8845,true
0,8846,true
0,8847,true
0,8851,true
0,8852,true
0,8854,true
0,8855,true
0,8857,true
0,8861,true
0,8865,true
0,8866,true
0,8867,true
0,8868,true
0,8870,true
0,8872,true
0,8875,true
0,8877,true
0,8879,true
0,8883,true
0,8884,true
0,8886,true
0,8887,true
0,8889,true
0,8890,true
0,8892,true
0,8893,true
0,8896,true
0,8900,true
0,8901,true
0,8902,true
0,8904,true
0,8905,true
0,8906,true
0,8910,true
0,8911,true
0,8913,true
0,8915,true
0,8916,true
0,8917,true
0,8919,true
0,8920,true
0,8922,true
0,8923,true
0,8924,true
0,8927,true
0,8928,true
0,8929,true
0,8930,true
0,8933,true
0,8937,true
0,8939,true
0,8944,true
0,8945,true
0,8946,true
0,8947,true
0,8949,true
0,8951,true
0,8953,true
0,8954,true
0,8955,true
0,8957,true
0,8959,true
0,8962,true
0,8964,true
0,8968,true
0,8970,true
0,8971,true
0,8972,true
0,8974,true
0,8975,true
0,8980,true
0,8981,true
0,8982,true
0,8983,true
0,8984,true
0,8986,true
0,8987,true
0,8990,true
0,8991,true
0,8992,true
0,8996,true
0,8998,true
0,8999,true
0,9000,true
0,9002,true
0,9003,true
0,9005,true
0,9008,true
0,9009,true
0,9010,true
0,9012,true
0,9013,true
0,9017,true
0,9019,true
0,9021,true
0,9022,true
0,9024,true
0,9025,true
0,9027,true
0,9028,true
0,9029,true
0,9031,true
0,9034,true
0,9035,true
0,9037,true
0,9039,true
0,9040,true
0,9041,true
0,9042,true
0,9043,true
0,9044,true
0,9046,true
0,9049,true
0,9051,true
0,9052,true
0,9055,true
0,9056,true
0,9059,true
0,9060,true
0,9062,true
0,9065,true
0,9068,true
0,9071,true
0,9073,true
0,9075,true
0,9076,true
0,9077,true
0,9080,true
0,9081,true
0,9083,true
0,9085,true
0,9088,true
0,9089,true
0,9090,true
0,9097,true
0,9098,true
0,9099,true
0,9100,true
0,9101,true
0,9102,true
0,9103,true
0,9104,true
0,9108,true
0,9109,true
0,9110,true
0,9111,true
0,9112,true
0,9113,true
0,9114,true
0,9117,true
0,9120,true
0,9121,true
0,9123,true
0,9129,true
0,9130,true
0,9131,true
0,9133,true
0,9134,true
0,9135,true
0,9136,true
0,9139,true
0,9140,true
0,9141,true
0,9143,true
0,9145,true
0,9146,true
0,9148,true
0,9152,true
0,9154,true
0,9155,true
0,9159,true
0,9160,true
0,9161,true
0,9162,true
0,9163,true
0,9165,true
0,9166,true
0,9167,true
0,9168,true
0,9169,true
0,9170,true
0,9171,true
0,9172,true
0,9173,true
0,9174,true
0,9176,true
0,9178,true
0,9179,true
0,9180,true
0,9185,true
0,9187,true
0,9190,true
0,9193,true
0,9196,true
0,9198,true
0,9199,true
0,9201,true
0,9203,true
0,9208,true
0,9210,true
0,9213,true
0,9215,true
0,9216,true
0,9218,true
0,9219,true
0,9220,true
0,9221,true
0,9225,true
0,9227,true
0,9228,true
0,9229,true
0,9230,true
0,9231,true
0,9232,true
0,9235,true
0,9237,true
0,9239,true
0,9241,true
0,9242,true
0,9246,true
0,9247,true
0,9248,true
0,9251,true
0,9254,true
0,9257,true
0,9258,true
0,9260,true
0,9261,true
0,9262,true
0,9266,true
0,9268,true
0,9269,true
0,9272,true
0,9274,true
0,9276,true
0,9277,true
0,9278,true
0,9279,true
0,9283,true
0,9284,true
0,9287,true
0,9288,true
0,9289,true
0,9291,true
0,9293,true
0,9296,true
0,9298,true
0,9300,true
0,9301,true
0,9302,true
0,9303,true
0,9306,true
0,9307,true
0,9311,true
0,9315,true
0,9317,true
0,9320,true
0,9321,true
0,9324,true
0,9326,true
0,9327,true
0,9328,true
0,9329,true
0,9330,true
0,9331,true
0,9334,true
0,9335,true
0,9339,true
0,9340,true
0,9341,true
0,9343,true
0,9346,true
0,9350,true
0,9351,true
0,9353,true
0,9354,true
0,9356,true
0,9357,true
0,9359,true
0,9360,true
0,9362,true
0,9365,true
0,9370,true
0,9371,true
0,9372,true
0,9373,true
0,9378,true
0,9381,true
0,9382,true
0,9385,true
0,9386,true
0,9387,true
0,9388,true
0,9389,true
0,9391,true
0,9393,true
0,9395,true
0,9398,true
0,9399,true
0,9400,true
0,9401,true
0,9402,true
0,9404,true
0,9405,true
0,9406,true
0,9408,true
0,9410,true
0,9413,true
0,9414,true
0,9416,true
0,9418,true
0,9421,true
0,9423,true
0,9424,true
0,9425,true
0,9426,true
0,9427,true
0,9430,true
0,9432,true
0,9433,true
0,9434,true
0,9435,true
0,9437,true
0,9441,true
0,9444,true
0,9446,true
0,9447,true
0,9448,true
0,9450,true
0,9454,true
0,9456,true
0,9459,true
0,9460,true
0,9464,true
0,9469,true
0,9470,true
0,9471,true
0,9473,true
0,9474,true
0,9475,true
0,9476,true
0,9478,true
0,9479,true
0,9481,true
0,9486,true
0,9487,true
0,9492,true
0,9495,true
0,9500,true
0,9502,true
0,9503,true
0,9511,true
0,9512,true
0,9513,true
0,9515,true
0,9516,true
0,9517,true
0,9518,true
0,9520,true
0,9522,true
0,9524,true
0,9526,true
0,9529,true
0,9530,true
0,9531,true
0,9535,true
0,9540,true
0,9542,true
0,9545,true
0,9548,true
0,9549,true
0,9550,true
0,9551,true
0,9555,true
0,9559,true
0,9560,true
0,9563,true
0,9572,true
0,9573,true
0,9574,true
0,9575,true
0,9577,true
0,9578,true
0,9580,true
0,9581,true
0,9582,true
0,9583,true
0,9584,true
0,9585,true
0,9587,true
0,9589,true
0,9591,true
0,9592,true
0,9593,true
0,9594,true
0,9595,true
0,9597,true
0,9599,true
0,9600,true
0,9604,true
0,9606,true
0,9608,true
0,9609,true
0,9611,true
0,9615,true
0,9616,true
0,9618,true
0,9619,true
0,9620,true
0,9623,true
0,9625,true
0,9626,true
0,9628,true
0,9629,true
0,9634,true
0,9636,true
0,9646,true
0,9649,true
0,9651,true
0,9654,true
0,9655,true
0,9656,true
0,9661,true
0,9662,true
0,9665,true
0,9670,true
0,9671,true
0,9673,true
0,9674,true
0,9675,true
0,9677,true
0,9678,true
0,9680,true
0,9681,true
0,9683,true
0,9684,true
0,9686,true
0,9688,true
0,9689,true
0,9691,true
0,9695,true
0,9697,true
0,9698,true
0,9699,true
0,9700,true
0,9701,true
0,9702,true
0,9703,true
0,9704,true
0,9705,true
0,9709,true
0,9710,true
0,9711,true
0,9713,true
0,9716,true
0,9719,true
0,9721,true
0,9726,true
0,9730,true
0,9732,true
0,9734,true
0,9737,true
0,9738,true
0,9739,true
0,9740,true
0,9741,true
0,9742,true
0,9745,true
0,9746,true
0,9748,true
0,9750,true
0,9752,true
0,9754,true
0,9755,true
0,9757,true
0,9759,true
0,9760,true
0,9763,true
0,9764,true
0,9766,true
0,9767,true
0,9768,true
0,9771,true
0,9773,true
0,9774,true
0,9778,true
0,9779,true
0,9784,true
0,9786,true
0,9787,true
0,9788,true
0,9791,true
0,9792,true
0,9793,true
0,9796,true
0,9797,true
0,9798,true
0,9799,true
0,9803,true
0,9804,true
0,9805,true
0,9810,true
0,9811,true
0,9813,true
0,9814,true
0,9818,true
0,9820,true
0,9821,true
0,9823,true
0,9826,true
0,9828,true
0,9830,true
0,9835,true
0,9837,true
0,9838,true
0,9839,true
0,9840,true
0,9841,true
0,9842,true
0,9843,true
0,9844,true
0,9845,true
0,9846,true
0,9847,true
0,9848,true
0,9852,true
0,9853,true
0,9856,true
0,9860,true
0,9862,true
0,9864,true
0,9871,true
0,9873,true
0,9875,true
0,9879,true
0,9880,true
0,9882,true
0,9883,true
0,9887,true
0,9892,true
0,9893,true
0,9894,true
0,9895,true
0,9896,true
0,9897,true
0,9898,true
0,9900,true
0,9903,true
0,9904,true
0,9907,true
0,9908,true
0,9912,true
0,9913,true
0,9914,true
0,9915,true
0,9917,true
0,9921,true
0,9925,true
0,9927,true
0,9929,true
0,9930,true
0,9931,true
0,9932,true
0,9933,true
0,9934,true
0,9936,true
0,9937,true
0,9938,true
0,9939,true
0,9940,true
0,9943,true
0,9945,true
0,9947,true
0,9949,true
0,9950,true
0,9955,true
0,9958,true
0,9959,true
0,9961,true
0,9963,true
0,9964,true
0,9965,true
0,9966,true
0,9970,true
0,9971,true
0,9972,true
0,9974,true
0,9976,true
0,9977,true
0,9978,true
0,9980,true
0,9982,true
0,9983,true
0,9984,true
0,9989,true
0,9993,true
0,9994,true
0,9996,true
0,9998,true
0,9999,true
